{
    "ad_idhigh": -0.0002945119468304171,
    "ad_idlow": -0.016548225563022916,
    "ad_idmid": -0.0019003213089474474,
    "ahp_depth": 35.13479490753782,
    "ahp_depth_abs": -56.946531030676915,
    "ahp_depth_abs_slow": -55.759595419195016,
    "ahp_min_voltage": -56.89576016809872,
    "ahp_slow_time": 0.2642677272575128,
    "ahp_time_from_peak": 1.94079189686776,
    "ap_amplitude": 73.72685672533875,
    "ap_avg_thresh": -45.12849383353916,
    "ap_delay_idhigh": 26.00000000009652,
    "ap_delay_idlow": 650.5999999998671,
    "ap_delay_idmid": 123.60000000011871,
    "ap_fall_rate": -47.98402864217056,
    "ap_half_width": 0.962153681112562,
    "ap_peak": 28.596891976982032,
    "ap_rise_rate": 115.7380480591542,
    "ap_threshold": -46.01249999130708,
    "fi_1st_fitbaserate": 7.90479658885679,
    "fi_1st_fitslope": 0.13312726042019474,
    "fi_1st_minstim": 447.4009012950647,
    "fi_1st_rate_idhigh": 37.453183520590734,
    "fi_1st_rate_idlow": 4.492362982933106,
    "fi_1st_rate_idmid": 16.638935108149294,
    "fi_avg_fitbaserate": 9.869141767155405,
    "fi_avg_fitslope": 0.15080344856485423,
    "fi_avg_minstim": 447.4009012950647,
    "fi_avg_rate_idhigh": 43.569711538491156,
    "fi_avg_rate_idlow": 4.061532213030112,
    "fi_avg_rate_idmid": 18.94521249361237,
    "fi_rheobase": 447.4009012950647,
    "ir_depol": 110.48098064875741,
    "ir_fitmax": 144.85854095529191,
    "ir_fitmin": 20.118639626469154,
    "ir_fitrest": 33.072119133219665,
    "ir_hyperpol": 13.776013467841759,
    "ir_rest": 29.205959194557668,
    "tau_delta": 2.472146508192408,
    "tau_depol": 10.791544138696002,
    "tau_hyperpol": 16.10308107330257,
    "tau_rest": 2.6491251172160633,
    "vm_rest": -91.04070132673303
}