{
    "ad_idhigh": -0.0011802249060218492,
    "ad_idlow": -0.008565442214630589,
    "ad_idmid": -0.003794430167388967,
    "ahp_depth": 29.11178053467228,
    "ahp_depth_abs": -64.16468221191461,
    "ahp_depth_abs_slow": -61.51046343064362,
    "ahp_min_voltage": -64.12158407015187,
    "ahp_slow_time": 0.28779934800763396,
    "ahp_time_from_peak": 1.6804772234260537,
    "ap_amplitude": 81.79153085796494,
    "ap_avg_thresh": -51.68508113052034,
    "ap_delay_idhigh": 33.60000000009825,
    "ap_delay_idlow": 345.100000000145,
    "ap_delay_idmid": 126.50000000011937,
    "ap_fall_rate": -55.79751638083624,
    "ap_half_width": 0.9175934801272739,
    "ap_peak": 30.096916905543576,
    "ap_rise_rate": 141.55396964284523,
    "ap_threshold": -53.28119999807565,
    "fi_1st_fitbaserate": 8.372737513679894,
    "fi_1st_fitslope": 0.13655424369133776,
    "fi_1st_minstim": 579.8687434371718,
    "fi_1st_rate_idhigh": 40.48582995950496,
    "fi_1st_rate_idlow": 5.973715651140439,
    "fi_1st_rate_idmid": 16.8634064080906,
    "fi_avg_fitbaserate": 9.535452460483839,
    "fi_avg_fitslope": 0.15049567377336295,
    "fi_avg_minstim": 579.8687434371718,
    "fi_avg_rate_idhigh": 40.940106141043664,
    "fi_avg_rate_idlow": 6.767308693393399,
    "fi_avg_rate_idmid": 17.674982325029656,
    "fi_rheobase": 566.9090329516475,
    "ir_depol": 104.22032275398283,
    "ir_fitmax": 90.8491176157338,
    "ir_fitmin": 22.814245886061972,
    "ir_fitrest": 33.22434999837586,
    "ir_hyperpol": 17.23147287163941,
    "ir_rest": 36.17902581167201,
    "tau_delta": 3.8188678889108596,
    "tau_depol": 11.375636904165814,
    "tau_hyperpol": 2.478507131959416,
    "tau_rest": 4.083643967572924,
    "vm_rest": -97.71591613616809
}