{
    "IV_354": {
        "soma": {
            "Spikecount": [
                0.0,
                0.1
            ],
            "decay_time_constant_after_stim": [
                3.3069,
                0.770216419802469
            ],
            "voltage_base": [
                -87.76,
                0.16439071006463554
            ],
            "voltage_deflection": [
                -11.8589,
                1.1859
            ],
            "voltage_deflection_begin": [
                -11.7573,
                1.1757
            ],
            "voltage_deflection_vb_ssse": [
                -11.8383,
                1.1838
            ]
        }
    },
    "IV_356": {
        "soma": {
            "Spikecount": [
                0.0,
                0.1
            ],
            "decay_time_constant_after_stim": [
                4.9643,
                0.770216419802469
            ],
            "voltage_base": [
                -87.7139,
                0.16439071006463554
            ],
            "voltage_deflection": [
                -9.3212,
                0.9321
            ],
            "voltage_deflection_begin": [
                -9.4688,
                0.9469
            ],
            "voltage_deflection_vb_ssse": [
                -9.3848,
                0.9385
            ]
        }
    },
    "IV_358": {
        "soma": {
            "Spikecount": [
                0.0,
                0.1
            ],
            "decay_time_constant_after_stim": [
                4.5541,
                0.770216419802469
            ],
            "voltage_base": [
                -87.7868,
                0.16439071006463554
            ],
            "voltage_deflection": [
                -6.4527,
                0.6453
            ],
            "voltage_deflection_begin": [
                -6.471,
                0.6471
            ],
            "voltage_deflection_vb_ssse": [
                -6.4556,
                0.6456
            ]
        }
    },
    "IV_360": {
        "soma": {
            "Spikecount": [
                0.0,
                0.1
            ],
            "decay_time_constant_after_stim": [
                4.6616,
                2.0454671837993397
            ],
            "voltage_base": [
                -87.8579,
                0.16439071006463554
            ],
            "voltage_deflection": [
                -2.7925,
                0.2793
            ],
            "voltage_deflection_begin": [
                -2.6968,
                0.2697
            ],
            "voltage_deflection_vb_ssse": [
                -2.6357,
                0.2636
            ]
        }
    },
    "IV_362": {
        "soma": {
            "Spikecount": [
                0.0,
                0.1
            ],
            "decay_time_constant_after_stim": [
                7.2566,
                2.0454671837993397
            ],
            "voltage_base": [
                -88.0769,
                0.16439071006463554
            ],
            "voltage_deflection": [
                3.2546,
                0.3255
            ],
            "voltage_deflection_begin": [
                3.1903,
                0.319
            ],
            "voltage_deflection_vb_ssse": [
                3.1875,
                0.3187
            ]
        }
    },
    "IV_364": {
        "soma": {
            "Spikecount": [
                0.0,
                0.1
            ],
            "decay_time_constant_after_stim": [
                10.1433,
                2.0454671837993397
            ],
            "voltage_base": [
                -87.9733,
                0.16439071006463554
            ],
            "voltage_deflection": [
                13.0245,
                1.3024
            ],
            "voltage_deflection_begin": [
                12.8312,
                1.2831
            ],
            "voltage_deflection_vb_ssse": [
                13.0334,
                1.3033
            ]
        }
    }
}
