{
    "dend": {
        "breadth": {
            "mean": 10.0,
            "std": 3.3952283343315304
        },
        "diam": {
            "mean": 0.786391124981399,
            "std": 0.08980436587192964
        },
        "dist": {
            "mean": 156.80133922543519,
            "std": 16.263636971877254
        },
        "length": {
            "mean": 3457.7752777086484,
            "std": 1544.273895222742
        },
        "nbranch": {
            "mean": 40.0,
            "std": 19.481734554949433
        },
        "nterm": {
            "mean": 54.0,
            "std": 20.263405911808658
        },
        "order": {
            "mean": 6.0,
            "std": 1.0088061787814122
        },
        "path": {
            "mean": 201.19970745876088,
            "std": 21.46726486535135
        },
        "seclen": {
            "mean": 36.78484337987924,
            "std": 9.120445257663828
        },
        "xdim": {
            "mean": 132.44,
            "std": 37.087424839506944
        },
        "ydim": {
            "mean": 226.23,
            "std": 41.977221605793964
        },
        "zdim": {
            "mean": 93.25999999999999,
            "std": 71.7580505451402
        }
    }
}