{
    "dend": {
        "breadth": {
            "mean": 10.0,
            "std": 3.3952283343315304
        },
        "diam": {
            "mean": 0.6367932669200584,
            "std": 0.08980436587192964
        },
        "dist": {
            "mean": 153.31729572686834,
            "std": 16.263636971877254
        },
        "length": {
            "mean": 3132.411520915466,
            "std": 1544.273895222742
        },
        "nbranch": {
            "mean": 32.0,
            "std": 19.481734554949433
        },
        "nterm": {
            "mean": 38.0,
            "std": 20.263405911808658
        },
        "order": {
            "mean": 6.0,
            "std": 1.0088061787814122
        },
        "path": {
            "mean": 175.06164521172389,
            "std": 21.46726486535135
        },
        "seclen": {
            "mean": 44.74873601307809,
            "std": 9.120445257663828
        },
        "xdim": {
            "mean": 205.69,
            "std": 37.087424839506944
        },
        "ydim": {
            "mean": 228.39999999999998,
            "std": 41.977221605793964
        },
        "zdim": {
            "mean": 126.86,
            "std": 71.7580505451402
        }
    }
}