{
    "dend": {
        "breadth": {
            "mean": 8.0,
            "std": 3.3952283343315304
        },
        "diam": {
            "mean": 0.6826827055895078,
            "std": 0.08980436587192964
        },
        "dist": {
            "mean": 139.59899628937166,
            "std": 16.263636971877254
        },
        "length": {
            "mean": 4132.142847813905,
            "std": 1544.273895222742
        },
        "nbranch": {
            "mean": 40.0,
            "std": 19.481734554949433
        },
        "nterm": {
            "mean": 50.0,
            "std": 20.263405911808658
        },
        "order": {
            "mean": 6.0,
            "std": 1.0088061787814122
        },
        "path": {
            "mean": 177.98168719127648,
            "std": 21.46726486535135
        },
        "seclen": {
            "mean": 45.91269830904339,
            "std": 9.120445257663828
        },
        "xdim": {
            "mean": 198.24,
            "std": 37.087424839506944
        },
        "ydim": {
            "mean": 209.03,
            "std": 41.977221605793964
        },
        "zdim": {
            "mean": 135.66,
            "std": 71.7580505451402
        }
    }
}