{
    "dend": {
        "breadth": {
            "mean": 21.0,
            "std": 3.3952283343315304
        },
        "diam": {
            "mean": 0.9524128837401418,
            "std": 0.08980436587192964
        },
        "dist": {
            "mean": 146.9248443865094,
            "std": 16.263636971877254
        },
        "length": {
            "mean": 3929.807735720597,
            "std": 1544.273895222742
        },
        "nbranch": {
            "mean": 42.0,
            "std": 19.481734554949433
        },
        "nterm": {
            "mean": 48.0,
            "std": 20.263405911808658
        },
        "order": {
            "mean": 8.0,
            "std": 1.0088061787814122
        },
        "path": {
            "mean": 168.8429648205481,
            "std": 21.46726486535135
        },
        "seclen": {
            "mean": 43.66453039689552,
            "std": 9.120445257663828
        },
        "xdim": {
            "mean": 160.34,
            "std": 37.087424839506944
        },
        "ydim": {
            "mean": 229.56,
            "std": 41.977221605793964
        },
        "zdim": {
            "mean": 234.86,
            "std": 71.7580505451402
        }
    }
}