{
    "dend": {
        "breadth": {
            "mean": 11.0,
            "std": 3.3952283343315304
        },
        "diam": {
            "mean": 0.6237921525350506,
            "std": 0.08980436587192964
        },
        "dist": {
            "mean": 143.46624453508218,
            "std": 16.263636971877254
        },
        "length": {
            "mean": 3935.9880467872636,
            "std": 1544.273895222742
        },
        "nbranch": {
            "mean": 42.0,
            "std": 19.481734554949433
        },
        "nterm": {
            "mean": 52.0,
            "std": 20.263405911808658
        },
        "order": {
            "mean": 6.0,
            "std": 1.0088061787814122
        },
        "path": {
            "mean": 170.36791474987095,
            "std": 21.46726486535135
        },
        "seclen": {
            "mean": 41.87221326369429,
            "std": 9.120445257663828
        },
        "xdim": {
            "mean": 197.25,
            "std": 37.087424839506944
        },
        "ydim": {
            "mean": 194.58999999999997,
            "std": 41.977221605793964
        },
        "zdim": {
            "mean": 151.2,
            "std": 71.7580505451402
        }
    }
}