{
    "dend": {
        "breadth": {
            "mean": 8.0,
            "std": 3.3952283343315304
        },
        "diam": {
            "mean": 0.7167048636040259,
            "std": 0.08980436587192964
        },
        "dist": {
            "mean": 135.71683498903147,
            "std": 16.263636971877254
        },
        "length": {
            "mean": 3014.8670246470056,
            "std": 1544.273895222742
        },
        "nbranch": {
            "mean": 34.0,
            "std": 19.481734554949433
        },
        "nterm": {
            "mean": 44.0,
            "std": 20.263405911808658
        },
        "order": {
            "mean": 6.0,
            "std": 1.0088061787814122
        },
        "path": {
            "mean": 170.01811585932646,
            "std": 21.46726486535135
        },
        "seclen": {
            "mean": 38.65214134162828,
            "std": 9.120445257663828
        },
        "xdim": {
            "mean": 202.96,
            "std": 37.087424839506944
        },
        "ydim": {
            "mean": 159.48000000000002,
            "std": 41.977221605793964
        },
        "zdim": {
            "mean": 180.32,
            "std": 71.7580505451402
        }
    }
}