{
    "dend": {
        "breadth": {
            "mean": 11.0,
            "std": 3.3952283343315304
        },
        "diam": {
            "mean": 0.7574284586519296,
            "std": 0.08980436587192964
        },
        "dist": {
            "mean": 152.40366295939216,
            "std": 16.263636971877254
        },
        "length": {
            "mean": 4275.23878010268,
            "std": 1544.273895222742
        },
        "nbranch": {
            "mean": 32.0,
            "std": 19.481734554949433
        },
        "nterm": {
            "mean": 38.0,
            "std": 20.263405911808658
        },
        "order": {
            "mean": 6.0,
            "std": 1.0088061787814122
        },
        "path": {
            "mean": 187.52282460234719,
            "std": 21.46726486535135
        },
        "seclen": {
            "mean": 61.07483971575257,
            "std": 9.120445257663828
        },
        "xdim": {
            "mean": 213.404,
            "std": 37.087424839506944
        },
        "ydim": {
            "mean": 234.579,
            "std": 41.977221605793964
        },
        "zdim": {
            "mean": 258.4116,
            "std": 71.7580505451402
        }
    }
}