{
    "dend": {
        "breadth": {
            "mean": 7.0,
            "std": 3.3952283343315304
        },
        "diam": {
            "mean": 0.5722586939905513,
            "std": 0.08980436587192964
        },
        "dist": {
            "mean": 127.99697108873319,
            "std": 16.263636971877254
        },
        "length": {
            "mean": 2091.6956810818697,
            "std": 1544.273895222742
        },
        "nbranch": {
            "mean": 18.0,
            "std": 19.481734554949433
        },
        "nterm": {
            "mean": 26.0,
            "std": 20.263405911808658
        },
        "order": {
            "mean": 5.0,
            "std": 1.0088061787814122
        },
        "path": {
            "mean": 152.65383452038168,
            "std": 21.46726486535135
        },
        "seclen": {
            "mean": 47.53853820640613,
            "std": 9.120445257663828
        },
        "xdim": {
            "mean": 134.808,
            "std": 37.087424839506944
        },
        "ydim": {
            "mean": 189.726,
            "std": 41.977221605793964
        },
        "zdim": {
            "mean": 180.02376,
            "std": 71.7580505451402
        }
    }
}