{
    "dend": {
        "breadth": {
            "mean": 8.0,
            "std": 3.3952283343315304
        },
        "diam": {
            "mean": 0.7036106543407606,
            "std": 0.08980436587192964
        },
        "dist": {
            "mean": 147.1625159426136,
            "std": 16.263636971877254
        },
        "length": {
            "mean": 2341.4622831261786,
            "std": 1544.273895222742
        },
        "nbranch": {
            "mean": 18.0,
            "std": 19.481734554949433
        },
        "nterm": {
            "mean": 24.0,
            "std": 20.263405911808658
        },
        "order": {
            "mean": 6.0,
            "std": 1.0088061787814122
        },
        "path": {
            "mean": 176.70094738121438,
            "std": 21.46726486535135
        },
        "seclen": {
            "mean": 55.74910197919473,
            "std": 9.120445257663828
        },
        "xdim": {
            "mean": 243.04999999999998,
            "std": 37.087424839506944
        },
        "ydim": {
            "mean": 124.00999999999999,
            "std": 41.977221605793964
        },
        "zdim": {
            "mean": 112.86,
            "std": 71.7580505451402
        }
    }
}