{
    "dend": {
        "breadth": {
            "mean": 13.0,
            "std": 3.3952283343315304
        },
        "diam": {
            "mean": 0.760631295923392,
            "std": 0.08980436587192964
        },
        "dist": {
            "mean": 160.3856042043674,
            "std": 16.263636971877254
        },
        "length": {
            "mean": 2456.1408300957005,
            "std": 1544.273895222742
        },
        "nbranch": {
            "mean": 26.0,
            "std": 19.481734554949433
        },
        "nterm": {
            "mean": 30.0,
            "std": 20.263405911808658
        },
        "order": {
            "mean": 8.0,
            "std": 1.0088061787814122
        },
        "path": {
            "mean": 192.69598832323996,
            "std": 21.46726486535135
        },
        "seclen": {
            "mean": 43.859657680280364,
            "std": 9.120445257663828
        },
        "xdim": {
            "mean": 163.3,
            "std": 37.087424839506944
        },
        "ydim": {
            "mean": 187.35,
            "std": 41.977221605793964
        },
        "zdim": {
            "mean": 127.62,
            "std": 71.7580505451402
        }
    }
}