{
    "dend": {
        "breadth": {
            "mean": 10.0,
            "std": 3.3952283343315304
        },
        "diam": {
            "mean": 0.9220026427978094,
            "std": 0.08980436587192964
        },
        "dist": {
            "mean": 141.02174123857642,
            "std": 16.263636971877254
        },
        "length": {
            "mean": 3500.9363946271524,
            "std": 1544.273895222742
        },
        "nbranch": {
            "mean": 36.0,
            "std": 19.481734554949433
        },
        "nterm": {
            "mean": 44.0,
            "std": 20.263405911808658
        },
        "order": {
            "mean": 6.0,
            "std": 1.0088061787814122
        },
        "path": {
            "mean": 160.43473922462937,
            "std": 21.46726486535135
        },
        "seclen": {
            "mean": 43.76170493283941,
            "std": 9.120445257663828
        },
        "xdim": {
            "mean": 202.929,
            "std": 37.087424839506944
        },
        "ydim": {
            "mean": 211.56400000000002,
            "std": 41.977221605793964
        },
        "zdim": {
            "mean": 153.7402,
            "std": 71.7580505451402
        }
    }
}