{
    "dend": {
        "breadth": {
            "mean": 4.0,
            "std": 3.3952283343315304
        },
        "diam": {
            "mean": 0.6678504722304703,
            "std": 0.08980436587192964
        },
        "dist": {
            "mean": 181.85884767588297,
            "std": 16.263636971877254
        },
        "length": {
            "mean": 2639.997050736817,
            "std": 1544.273895222742
        },
        "nbranch": {
            "mean": 18.0,
            "std": 19.481734554949433
        },
        "nterm": {
            "mean": 30.0,
            "std": 20.263405911808658
        },
        "order": {
            "mean": 4.0,
            "std": 1.0088061787814122
        },
        "path": {
            "mean": 225.2522826344817,
            "std": 21.46726486535135
        },
        "seclen": {
            "mean": 54.999938557017025,
            "std": 9.120445257663828
        },
        "xdim": {
            "mean": 155.11,
            "std": 37.087424839506944
        },
        "ydim": {
            "mean": 190.02,
            "std": 41.977221605793964
        },
        "zdim": {
            "mean": 234.57982,
            "std": 71.7580505451402
        }
    }
}