{
    "dend": {
        "breadth": {
            "mean": 11.0,
            "std": 3.3952283343315304
        },
        "diam": {
            "mean": 0.8357309535104959,
            "std": 0.08980436587192964
        },
        "dist": {
            "mean": 156.5026827254089,
            "std": 16.263636971877254
        },
        "length": {
            "mean": 4301.365374946116,
            "std": 1544.273895222742
        },
        "nbranch": {
            "mean": 30.0,
            "std": 19.481734554949433
        },
        "nterm": {
            "mean": 36.0,
            "std": 20.263405911808658
        },
        "order": {
            "mean": 7.0,
            "std": 1.0088061787814122
        },
        "path": {
            "mean": 195.158854888764,
            "std": 21.46726486535135
        },
        "seclen": {
            "mean": 65.17220265069874,
            "std": 9.120445257663828
        },
        "xdim": {
            "mean": 197.61,
            "std": 37.087424839506944
        },
        "ydim": {
            "mean": 234.99,
            "std": 41.977221605793964
        },
        "zdim": {
            "mean": 190.96,
            "std": 71.7580505451402
        }
    }
}