{
    "dend": {
        "breadth": {
            "mean": 9.0,
            "std": 3.3952283343315304
        },
        "diam": {
            "mean": 0.6278708732695524,
            "std": 0.08980436587192964
        },
        "dist": {
            "mean": 151.31712043585816,
            "std": 16.263636971877254
        },
        "length": {
            "mean": 3538.8829486223513,
            "std": 1544.273895222742
        },
        "nbranch": {
            "mean": 36.0,
            "std": 19.481734554949433
        },
        "nterm": {
            "mean": 42.0,
            "std": 20.263405911808658
        },
        "order": {
            "mean": 5.0,
            "std": 1.0088061787814122
        },
        "path": {
            "mean": 170.56967342729197,
            "std": 21.46726486535135
        },
        "seclen": {
            "mean": 45.370294213107066,
            "std": 9.120445257663828
        },
        "xdim": {
            "mean": 241.57999999999998,
            "std": 37.087424839506944
        },
        "ydim": {
            "mean": 218.07,
            "std": 41.977221605793964
        },
        "zdim": {
            "mean": 157.98,
            "std": 71.7580505451402
        }
    }
}