{
    "dend": {
        "breadth": {
            "mean": 12.0,
            "std": 3.3952283343315304
        },
        "diam": {
            "mean": 0.8456357737980854,
            "std": 0.08980436587192964
        },
        "dist": {
            "mean": 141.15627799003485,
            "std": 16.263636971877254
        },
        "length": {
            "mean": 2958.8047622948097,
            "std": 1544.273895222742
        },
        "nbranch": {
            "mean": 34.0,
            "std": 19.481734554949433
        },
        "nterm": {
            "mean": 40.0,
            "std": 20.263405911808658
        },
        "order": {
            "mean": 6.0,
            "std": 1.0088061787814122
        },
        "path": {
            "mean": 158.85982884634055,
            "std": 21.46726486535135
        },
        "seclen": {
            "mean": 39.98384813911905,
            "std": 9.120445257663828
        },
        "xdim": {
            "mean": 176.74,
            "std": 37.087424839506944
        },
        "ydim": {
            "mean": 230.13,
            "std": 41.977221605793964
        },
        "zdim": {
            "mean": 144.18,
            "std": 71.7580505451402
        }
    }
}