{
    "dend": {
        "breadth": {
            "mean": 7.0,
            "std": 3.3952283343315304
        },
        "diam": {
            "mean": 0.7059581073369778,
            "std": 0.08980436587192964
        },
        "dist": {
            "mean": 158.52647621138877,
            "std": 16.263636971877254
        },
        "length": {
            "mean": 2828.8434066383497,
            "std": 1544.273895222742
        },
        "nbranch": {
            "mean": 26.0,
            "std": 19.481734554949433
        },
        "nterm": {
            "mean": 36.0,
            "std": 20.263405911808658
        },
        "order": {
            "mean": 5.0,
            "std": 1.0088061787814122
        },
        "path": {
            "mean": 189.70744587338183,
            "std": 21.46726486535135
        },
        "seclen": {
            "mean": 45.62650655868306,
            "std": 9.120445257663828
        },
        "xdim": {
            "mean": 131.99,
            "std": 37.087424839506944
        },
        "ydim": {
            "mean": 260.12,
            "std": 41.977221605793964
        },
        "zdim": {
            "mean": 130.66000000000003,
            "std": 71.7580505451402
        }
    }
}