{
    "dend": {
        "breadth": {
            "mean": 8.0,
            "std": 3.3952283343315304
        },
        "diam": {
            "mean": 0.7294238834481871,
            "std": 0.08980436587192964
        },
        "dist": {
            "mean": 128.1656061898043,
            "std": 16.263636971877254
        },
        "length": {
            "mean": 3730.8446391601847,
            "std": 1544.273895222742
        },
        "nbranch": {
            "mean": 44.0,
            "std": 19.481734554949433
        },
        "nterm": {
            "mean": 52.0,
            "std": 20.263405911808658
        },
        "order": {
            "mean": 5.0,
            "std": 1.0088061787814122
        },
        "path": {
            "mean": 168.58408238692198,
            "std": 21.46726486535135
        },
        "seclen": {
            "mean": 38.86296499125192,
            "std": 9.120445257663828
        },
        "xdim": {
            "mean": 218.76999999999998,
            "std": 37.087424839506944
        },
        "ydim": {
            "mean": 230.11,
            "std": 41.977221605793964
        },
        "zdim": {
            "mean": 145.0,
            "std": 71.7580505451402
        }
    }
}