{
    "dend": {
        "breadth": {
            "mean": 7.0,
            "std": 3.3952283343315304
        },
        "diam": {
            "mean": 0.8150091166303977,
            "std": 0.08980436587192964
        },
        "dist": {
            "mean": 144.1140235959013,
            "std": 16.263636971877254
        },
        "length": {
            "mean": 2961.7068291859077,
            "std": 1544.273895222742
        },
        "nbranch": {
            "mean": 30.0,
            "std": 19.481734554949433
        },
        "nterm": {
            "mean": 40.0,
            "std": 20.263405911808658
        },
        "order": {
            "mean": 6.0,
            "std": 1.0088061787814122
        },
        "path": {
            "mean": 161.1460842557692,
            "std": 21.46726486535135
        },
        "seclen": {
            "mean": 42.310097559798685,
            "std": 9.120445257663828
        },
        "xdim": {
            "mean": 165.31,
            "std": 37.087424839506944
        },
        "ydim": {
            "mean": 202.93,
            "std": 41.977221605793964
        },
        "zdim": {
            "mean": 141.26000000000002,
            "std": 71.7580505451402
        }
    }
}