{
    "dend": {
        "breadth": {
            "mean": 11.0,
            "std": 3.3952283343315304
        },
        "diam": {
            "mean": 0.7674104690594323,
            "std": 0.08980436587192964
        },
        "dist": {
            "mean": 105.23866155078181,
            "std": 16.263636971877254
        },
        "length": {
            "mean": 1903.1377576401524,
            "std": 1544.273895222742
        },
        "nbranch": {
            "mean": 36.0,
            "std": 19.481734554949433
        },
        "nterm": {
            "mean": 40.0,
            "std": 20.263405911808658
        },
        "order": {
            "mean": 5.0,
            "std": 1.0088061787814122
        },
        "path": {
            "mean": 116.04556269658596,
            "std": 21.46726486535135
        },
        "seclen": {
            "mean": 25.041286284738845,
            "std": 9.120445257663828
        },
        "xdim": {
            "mean": 77.09,
            "std": 37.087424839506944
        },
        "ydim": {
            "mean": 174.39,
            "std": 41.977221605793964
        },
        "zdim": {
            "mean": 130.8,
            "std": 71.7580505451402
        }
    }
}