{
    "dend": {
        "breadth": {
            "mean": 8.0,
            "std": 3.3952283343315304
        },
        "diam": {
            "mean": 0.8582027779897767,
            "std": 0.08980436587192964
        },
        "dist": {
            "mean": 131.2467582747856,
            "std": 16.263636971877254
        },
        "length": {
            "mean": 3051.2581328110896,
            "std": 1544.273895222742
        },
        "nbranch": {
            "mean": 36.0,
            "std": 19.481734554949433
        },
        "nterm": {
            "mean": 44.0,
            "std": 20.263405911808658
        },
        "order": {
            "mean": 5.0,
            "std": 1.0088061787814122
        },
        "path": {
            "mean": 165.76676279329584,
            "std": 21.46726486535135
        },
        "seclen": {
            "mean": 38.14072666013862,
            "std": 9.120445257663828
        },
        "xdim": {
            "mean": 173.7998,
            "std": 37.087424839506944
        },
        "ydim": {
            "mean": 169.34,
            "std": 41.977221605793964
        },
        "zdim": {
            "mean": 153.82,
            "std": 71.7580505451402
        }
    }
}