{
    "dend": {
        "breadth": {
            "mean": 9.0,
            "std": 3.3952283343315304
        },
        "diam": {
            "mean": 0.7877423952863905,
            "std": 0.08980436587192964
        },
        "dist": {
            "mean": 123.38773770922295,
            "std": 16.263636971877254
        },
        "length": {
            "mean": 2506.5148104013947,
            "std": 1544.273895222742
        },
        "nbranch": {
            "mean": 26.0,
            "std": 19.481734554949433
        },
        "nterm": {
            "mean": 34.0,
            "std": 20.263405911808658
        },
        "order": {
            "mean": 5.0,
            "std": 1.0088061787814122
        },
        "path": {
            "mean": 152.26123678947002,
            "std": 21.46726486535135
        },
        "seclen": {
            "mean": 41.77524684002324,
            "std": 9.120445257663828
        },
        "xdim": {
            "mean": 156.93,
            "std": 37.087424839506944
        },
        "ydim": {
            "mean": 185.11,
            "std": 41.977221605793964
        },
        "zdim": {
            "mean": 157.36,
            "std": 71.7580505451402
        }
    }
}