{
    "dend": {
        "breadth": {
            "mean": 9.0,
            "std": 3.3952283343315304
        },
        "diam": {
            "mean": 0.7712585956668008,
            "std": 0.08980436587192964
        },
        "dist": {
            "mean": 150.41855096363614,
            "std": 16.263636971877254
        },
        "length": {
            "mean": 3658.7842159682205,
            "std": 1544.273895222742
        },
        "nbranch": {
            "mean": 34.0,
            "std": 19.481734554949433
        },
        "nterm": {
            "mean": 40.0,
            "std": 20.263405911808658
        },
        "order": {
            "mean": 5.0,
            "std": 1.0088061787814122
        },
        "path": {
            "mean": 175.83567745293527,
            "std": 21.46726486535135
        },
        "seclen": {
            "mean": 49.44302994551649,
            "std": 9.120445257663828
        },
        "xdim": {
            "mean": 228.94,
            "std": 37.087424839506944
        },
        "ydim": {
            "mean": 224.92000000000002,
            "std": 41.977221605793964
        },
        "zdim": {
            "mean": 135.78,
            "std": 71.7580505451402
        }
    }
}