{
    "animal_5_n18_04102017_cel1-cor-sli": {
        "dend": {
            "area": 4690.102487883214,
            "breadth": 21,
            "contrac": 0.9165677965168583,
            "degree": 2,
            "diam": 0.9524128837401418,
            "dist": 146.9248443865094,
            "length": 1964.9038678602985,
            "nbranch": 21,
            "nstem": 3,
            "nterm": 24,
            "order": 8,
            "path": 168.8429648205481,
            "seclen": 43.66453039689552,
            "volume": 1715.3390991780645,
            "xdim": 160.34,
            "ydim": 229.56,
            "zdim": 117.43
        }
    }
}