{
    "animal_5_n22_04102017_cel1-cor-sli": {
        "dend": {
            "area": 3266.769500900935,
            "breadth": 10,
            "contrac": 0.8908046096640311,
            "degree": 2,
            "diam": 0.6367932669200584,
            "dist": 153.31729572686834,
            "length": 1566.205760457733,
            "nbranch": 16,
            "nstem": 3,
            "nterm": 19,
            "order": 6,
            "path": 175.06164521172389,
            "seclen": 44.74873601307809,
            "volume": 1251.088441113931,
            "xdim": 205.69,
            "ydim": 228.39999999999998,
            "zdim": 63.43
        }
    }
}