{
    "animal_1_n27_04102017_cel1-cor-sli": {
        "dend": {
            "area": 5083.502358350844,
            "breadth": 10,
            "contrac": 0.913578935597954,
            "degree": 2,
            "diam": 0.9220026427978094,
            "dist": 141.02174123857642,
            "length": 1750.4681973135762,
            "nbranch": 18,
            "nstem": 4,
            "nterm": 22,
            "order": 6,
            "path": 160.43473922462937,
            "seclen": 43.76170493283941,
            "volume": 2126.4785455155297,
            "xdim": 202.929,
            "ydim": 211.56400000000002,
            "zdim": 76.8701
        }
    }
}