{
    "animal_5_n27_04102017_cel2-cor-sli": {
        "dend": {
            "area": 2886.118516797118,
            "breadth": 8,
            "contrac": 0.893165117376727,
            "degree": 2,
            "diam": 0.7036106543407606,
            "dist": 147.1625159426136,
            "length": 1170.7311415630893,
            "nbranch": 9,
            "nstem": 3,
            "nterm": 12,
            "order": 6,
            "path": 176.70094738121438,
            "seclen": 55.74910197919473,
            "volume": 1820.808339912363,
            "xdim": 243.04999999999998,
            "ydim": 124.00999999999999,
            "zdim": 56.43
        }
    }
}