{
    "animal_1_n18_04102017_cel1-cor-sli": {
        "dend": {
            "area": 5083.214231489885,
            "breadth": 11,
            "contrac": 0.8811954294897142,
            "degree": 2,
            "diam": 0.7574284586519296,
            "dist": 152.40366295939216,
            "length": 2137.61939005134,
            "nbranch": 16,
            "nstem": 3,
            "nterm": 19,
            "order": 6,
            "path": 187.52282460234719,
            "seclen": 61.07483971575257,
            "volume": 1311.0613908314238,
            "xdim": 213.404,
            "ydim": 234.579,
            "zdim": 129.2058
        }
    }
}