{
    "animal_1_n30_04102017_cel1-cor-sli": {
        "dend": {
            "area": 4276.476086289048,
            "breadth": 8,
            "contrac": 0.8923700952436198,
            "degree": 2,
            "diam": 0.7167048636040259,
            "dist": 135.71683498903147,
            "length": 1507.4335123235028,
            "nbranch": 17,
            "nstem": 5,
            "nterm": 22,
            "order": 6,
            "path": 170.01811585932646,
            "seclen": 38.65214134162828,
            "volume": 2825.5272887195915,
            "xdim": 202.96,
            "ydim": 159.48000000000002,
            "zdim": 90.16
        }
    }
}