{
    "animal_5_n27_04102017_cel1-cor-sli": {
        "dend": {
            "area": 2867.1525379668155,
            "breadth": 13,
            "contrac": 0.891947821015668,
            "degree": 2,
            "diam": 0.760631295923392,
            "dist": 160.3856042043674,
            "length": 1228.0704150478502,
            "nbranch": 13,
            "nstem": 2,
            "nterm": 15,
            "order": 8,
            "path": 192.69598832323996,
            "seclen": 43.859657680280364,
            "volume": 1253.6481953799623,
            "xdim": 163.3,
            "ydim": 187.35,
            "zdim": 63.81
        }
    }
}