{
    "animal_1_n27_04102017_cel2-cor-sli": {
        "dend": {
            "area": 3357.600955183899,
            "breadth": 6,
            "contrac": 0.873861029062618,
            "degree": 2,
            "diam": 0.6284266935542435,
            "dist": 142.19961627936976,
            "length": 1470.4714124661714,
            "nbranch": 11,
            "nstem": 3,
            "nterm": 14,
            "order": 4,
            "path": 170.9507543486444,
            "seclen": 58.81885649864685,
            "volume": 1294.9774533373115,
            "xdim": 231.11,
            "ydim": 203.88,
            "zdim": 71.08
        }
    }
}