{
    "animal_5_n15_04102017_cel1-cor-sli": {
        "dend": {
            "area": 4073.0360680102203,
            "breadth": 4,
            "contrac": 0.8637471183098914,
            "degree": 2,
            "diam": 0.6678504722304703,
            "dist": 181.85884767588297,
            "length": 1319.9985253684085,
            "nbranch": 9,
            "nstem": 6,
            "nterm": 15,
            "order": 4,
            "path": 225.2522826344817,
            "seclen": 54.999938557017025,
            "volume": 3912.3987893935596,
            "xdim": 155.11,
            "ydim": 190.02,
            "zdim": 117.28991
        }
    }
}