{
    "animal_5_n22_04102017_cel2-cor-sli": {
        "dend": {
            "area": 5203.982530562606,
            "breadth": 8,
            "contrac": 0.8894287533145341,
            "degree": 2,
            "diam": 0.6826827055895078,
            "dist": 139.59899628937166,
            "length": 2066.0714239069525,
            "nbranch": 20,
            "nstem": 5,
            "nterm": 25,
            "order": 6,
            "path": 177.98168719127648,
            "seclen": 45.91269830904339,
            "volume": 2828.66247256411,
            "xdim": 198.24,
            "ydim": 209.03,
            "zdim": 67.83
        }
    }
}