{
    "animal_1_n30_04102017_cel2-cor-sli": {
        "dend": {
            "area": 5900.728160496147,
            "breadth": 10,
            "contrac": 0.8747525918011981,
            "degree": 2,
            "diam": 0.786391124981399,
            "dist": 156.80133922543519,
            "length": 1728.8876388543242,
            "nbranch": 20,
            "nstem": 7,
            "nterm": 27,
            "order": 6,
            "path": 201.19970745876088,
            "seclen": 36.78484337987924,
            "volume": 4976.131588126257,
            "xdim": 132.44,
            "ydim": 226.23,
            "zdim": 46.629999999999995
        }
    }
}