{
    "animal_1_n33_04102017_cel1-cor-sli": {
        "dend": {
            "area": 3753.9206981743505,
            "breadth": 9,
            "contrac": 0.893216095626035,
            "degree": 2,
            "diam": 0.6278708732695524,
            "dist": 151.31712043585816,
            "length": 1769.4414743111756,
            "nbranch": 18,
            "nstem": 3,
            "nterm": 21,
            "order": 5,
            "path": 170.56967342729197,
            "seclen": 45.370294213107066,
            "volume": 1405.2264700641335,
            "xdim": 241.57999999999998,
            "ydim": 218.07,
            "zdim": 78.99
        }
    }
}