{
    "animal_5_n21_04102017_cel1-cor-sli": {
        "dend": {
            "area": 5403.8921369542295,
            "breadth": 11,
            "contrac": 0.8604623698751744,
            "degree": 2,
            "diam": 0.8357309535104959,
            "dist": 156.5026827254089,
            "length": 2150.682687473058,
            "nbranch": 15,
            "nstem": 3,
            "nterm": 18,
            "order": 7,
            "path": 195.158854888764,
            "seclen": 65.17220265069874,
            "volume": 1714.713157237962,
            "xdim": 197.61,
            "ydim": 234.99,
            "zdim": 95.48
        }
    }
}