{
    "animal_1_n33_04102017_cel2-cor-sli": {
        "dend": {
            "area": 4301.902234426576,
            "breadth": 11,
            "contrac": 0.8910656113410782,
            "degree": 2,
            "diam": 0.6237921525350506,
            "dist": 143.46624453508218,
            "length": 1967.9940233936318,
            "nbranch": 21,
            "nstem": 5,
            "nterm": 26,
            "order": 6,
            "path": 170.36791474987095,
            "seclen": 41.87221326369429,
            "volume": 2112.568816036152,
            "xdim": 197.25,
            "ydim": 194.58999999999997,
            "zdim": 75.6
        }
    }
}