{
    "animal_1_n24_04102017_cel1-cor-sli": {
        "dend": {
            "area": 2522.2038244225323,
            "breadth": 7,
            "contrac": 0.8940314890095692,
            "degree": 2,
            "diam": 0.5722586939905513,
            "dist": 127.99697108873319,
            "length": 1045.8478405409348,
            "nbranch": 9,
            "nstem": 4,
            "nterm": 13,
            "order": 5,
            "path": 152.65383452038168,
            "seclen": 47.53853820640613,
            "volume": 1029.5734229525801,
            "xdim": 134.808,
            "ydim": 189.726,
            "zdim": 90.01188
        }
    }
}