{
    "animal_1_n21_04102017_cel1-cor-sli": {
        "dend": {
            "area": 4029.5700824921764,
            "breadth": 10,
            "contrac": 0.8885108636737283,
            "degree": 2,
            "diam": 0.8012419197144273,
            "dist": 151.05599196076267,
            "length": 1487.1044892083075,
            "nbranch": 11,
            "nstem": 3,
            "nterm": 14,
            "order": 5,
            "path": 168.17206483792913,
            "seclen": 59.4841795683323,
            "volume": 1501.3741740927753,
            "xdim": 153.077,
            "ydim": 235.15699999999998,
            "zdim": 96.13048
        }
    }
}