{
    "C57_ID106_nr17_cel2-cor-sli": {
        "dend": {
            "area": 4332.300731056888,
            "breadth": 8,
            "contrac": 0.9187020614807088,
            "degree": 2,
            "diam": 0.7294238834481871,
            "dist": 128.1656061898043,
            "length": 1865.4223195800923,
            "nbranch": 22,
            "nstem": 4,
            "nterm": 26,
            "order": 5,
            "path": 168.58408238692198,
            "seclen": 38.86296499125192,
            "volume": 1967.8629535997084,
            "xdim": 218.76999999999998,
            "ydim": 230.11,
            "zdim": 72.5
        }
    }
}