{
    "C57_ID103_nr20_cel2-cor-sli": {
        "dend": {
            "area": 3628.770241492295,
            "breadth": 12,
            "contrac": 0.9247349352422585,
            "degree": 2,
            "diam": 0.8456357737980854,
            "dist": 141.15627799003485,
            "length": 1479.4023811474049,
            "nbranch": 17,
            "nstem": 3,
            "nterm": 20,
            "order": 6,
            "path": 158.85982884634055,
            "seclen": 39.98384813911905,
            "volume": 1789.7914523253926,
            "xdim": 176.74,
            "ydim": 230.13,
            "zdim": 72.09
        }
    }
}