{
    "C57_ID105_nr14_cel4-cor-sli": {
        "dend": {
            "area": 2985.6983647684324,
            "breadth": 7,
            "contrac": 0.9335284370377145,
            "degree": 2,
            "diam": 0.8039459701096258,
            "dist": 141.8061643935129,
            "length": 993.8571092161623,
            "nbranch": 12,
            "nstem": 4,
            "nterm": 16,
            "order": 5,
            "path": 192.5314880822091,
            "seclen": 35.49489675772008,
            "volume": 1823.7238774157258,
            "xdim": 192.1799,
            "ydim": 98.4,
            "zdim": 85.55
        }
    }
}