{
    "C57_ID106_nr18_cel1-cor-sli": {
        "dend": {
            "area": 4363.621068091258,
            "breadth": 13,
            "contrac": 0.9104469461779819,
            "degree": 2,
            "diam": 0.743232713241555,
            "dist": 135.24353172702936,
            "length": 1662.9366683774685,
            "nbranch": 25,
            "nstem": 5,
            "nterm": 30,
            "order": 6,
            "path": 164.9856695750773,
            "seclen": 30.23521215231761,
            "volume": 1988.414742413889,
            "xdim": 178.39,
            "ydim": 170.41,
            "zdim": 89.08
        }
    }
}