{
    "C57_ID103_nr20_cel3-cor-sli": {
        "dend": {
            "area": 3718.874431773981,
            "breadth": 13,
            "contrac": 0.885199304192959,
            "degree": 2,
            "diam": 0.7211225931922234,
            "dist": 105.26790364949801,
            "length": 1660.2208030170805,
            "nbranch": 23,
            "nstem": 3,
            "nterm": 26,
            "order": 6,
            "path": 130.68191529599147,
            "seclen": 33.88205720443021,
            "volume": 1581.9149730235497,
            "xdim": 163.16,
            "ydim": 161.89,
            "zdim": 65.19
        }
    }
}