{
    "C57_ID103_nr21_cel2-cor-sli": {
        "dend": {
            "area": 3733.91851309365,
            "breadth": 7,
            "contrac": 0.89755744420645,
            "degree": 2,
            "diam": 0.7059581073369778,
            "dist": 158.52647621138877,
            "length": 1414.4217033191749,
            "nbranch": 13,
            "nstem": 5,
            "nterm": 18,
            "order": 5,
            "path": 189.70744587338183,
            "seclen": 45.62650655868306,
            "volume": 2350.9580477624795,
            "xdim": 131.99,
            "ydim": 260.12,
            "zdim": 65.33000000000001
        }
    }
}