{
    "C57_ID105_nr14_cel2-cor-sli": {
        "dend": {
            "area": 2401.7961852963563,
            "breadth": 11,
            "contrac": 0.9404356518271451,
            "degree": 2,
            "diam": 0.7674104690594323,
            "dist": 105.23866155078181,
            "length": 951.5688788200762,
            "nbranch": 18,
            "nstem": 2,
            "nterm": 20,
            "order": 5,
            "path": 116.04556269658596,
            "seclen": 25.041286284738845,
            "volume": 1239.4238405568,
            "xdim": 77.09,
            "ydim": 174.39,
            "zdim": 65.4
        }
    }
}