{
    "C57_ID106_nr17_cel4-cor-sli": {
        "dend": {
            "area": 2746.0434930611523,
            "breadth": 6,
            "contrac": 0.9202014261625072,
            "degree": 2,
            "diam": 0.8333596203987541,
            "dist": 109.81056949583679,
            "length": 868.4416016861035,
            "nbranch": 11,
            "nstem": 5,
            "nterm": 16,
            "order": 5,
            "path": 132.57802218337048,
            "seclen": 32.16450376615198,
            "volume": 2119.9460766906154,
            "xdim": 168.1,
            "ydim": 85.03999999999999,
            "zdim": 80.33
        }
    }
}