{
    "C57_ID103_nr20_cel1-cor-sli": {
        "dend": {
            "area": 1842.5676649957895,
            "breadth": 5,
            "contrac": 0.895132357393366,
            "degree": 2,
            "diam": 0.6598570694271627,
            "dist": 129.4961325175389,
            "length": 626.183440703092,
            "nbranch": 5,
            "nstem": 3,
            "nterm": 8,
            "order": 4,
            "path": 175.97568176867694,
            "seclen": 48.16795697716092,
            "volume": 1363.4066920076152,
            "xdim": 125.96000000000001,
            "ydim": 113.71,
            "zdim": 66.36
        }
    }
}