{
    "C57_ID104_nr19_cel2-cor-sli": {
        "dend": {
            "area": 4133.0200306633,
            "breadth": 7,
            "contrac": 0.9018014950158254,
            "degree": 2,
            "diam": 0.8150091166303977,
            "dist": 144.1140235959013,
            "length": 1480.8534145929539,
            "nbranch": 15,
            "nstem": 5,
            "nterm": 20,
            "order": 6,
            "path": 161.1460842557692,
            "seclen": 42.310097559798685,
            "volume": 2334.481602882292,
            "xdim": 165.31,
            "ydim": 202.93,
            "zdim": 70.63000000000001
        }
    }
}