{
    "C57_ID104_nr19_cel1-cor-sli": {
        "dend": {
            "area": 4122.1863197470175,
            "breadth": 9,
            "contrac": 0.9040178151658674,
            "degree": 2,
            "diam": 0.7712585956668008,
            "dist": 150.41855096363614,
            "length": 1829.3921079841102,
            "nbranch": 17,
            "nstem": 3,
            "nterm": 20,
            "order": 5,
            "path": 175.83567745293527,
            "seclen": 49.44302994551649,
            "volume": 1494.5154368722087,
            "xdim": 228.94,
            "ydim": 224.92000000000002,
            "zdim": 67.89
        }
    }
}