{
    "C57_ID104_nr19_cel4-cor-sli": {
        "dend": {
            "area": 3422.620937808286,
            "breadth": 9,
            "contrac": 0.9130626962949631,
            "degree": 2,
            "diam": 0.7877423952863905,
            "dist": 123.38773770922295,
            "length": 1253.2574052006973,
            "nbranch": 13,
            "nstem": 4,
            "nterm": 17,
            "order": 5,
            "path": 152.26123678947002,
            "seclen": 41.77524684002324,
            "volume": 1953.2822913202338,
            "xdim": 156.93,
            "ydim": 185.11,
            "zdim": 78.68
        }
    }
}