{
    "C57_ID105_nr14_cel1-cor-sli": {
        "dend": {
            "area": 4377.938716055797,
            "breadth": 15,
            "contrac": 0.8843188925501082,
            "degree": 2,
            "diam": 0.8639593031979317,
            "dist": 133.8297309457058,
            "length": 1856.2256858161047,
            "nbranch": 22,
            "nstem": 2,
            "nterm": 24,
            "order": 7,
            "path": 152.60321591211397,
            "seclen": 40.352732300350105,
            "volume": 1402.4078568736418,
            "xdim": 152.95999999999998,
            "ydim": 218.76999999999998,
            "zdim": 62.65
        }
    }
}