{
    "C57_ID104_nr19_cel3-cor-sli": {
        "dend": {
            "area": 4169.479587269601,
            "breadth": 8,
            "contrac": 0.9250786959276281,
            "degree": 2,
            "diam": 0.8582027779897767,
            "dist": 131.2467582747856,
            "length": 1525.6290664055448,
            "nbranch": 18,
            "nstem": 4,
            "nterm": 22,
            "order": 5,
            "path": 165.76676279329584,
            "seclen": 38.14072666013862,
            "volume": 2132.065626969579,
            "xdim": 173.7998,
            "ydim": 169.34,
            "zdim": 76.91
        }
    }
}