{
    "C57_ID106_nr20_cel1-cor-sli": {
        "dend": {
            "area": 2771.444472408843,
            "breadth": 4,
            "contrac": 0.8836960467412655,
            "degree": 2,
            "diam": 0.7054546167499743,
            "dist": 127.41550405660999,
            "length": 1037.1388357415408,
            "nbranch": 9,
            "nstem": 4,
            "nterm": 13,
            "order": 4,
            "path": 145.47092401696352,
            "seclen": 47.14267435188822,
            "volume": 1553.4108489021237,
            "xdim": 156.16,
            "ydim": 193.68,
            "zdim": 71.18
        }
    }
}