{
    "cell_ids": ["150602_c1_D1", "150602_c9_D1", "150603_c7_D1",
    "150908_c5_D1", "150908_c6_D1", "150917_c10_D1",
    "150917_c6_D1", "150917_c9_D1", "151123_c2_D1",
    "151123_c4_D1", "160118_c7_D1", "160118_c8_D1",
    "160118_c9_D1"],
    "ad_idhigh": [
        0.0020527408475017493,
        -0.0008816552415089483,
        -0.0013791431866493353,
        0.0007010156729855375,
        0.026165444953471357,
        -0.0008787448467553607,
        0.008903766413144033,
        -0.000766586721885556,
        0.0024759929936713524,
        0.0030514551129686104,
        -0.0002945119468304171,
        -0.0011802249060218492,
        0.0017635097644435511
    ],
    "ad_idlow": [
        0.118564779987759,
        0.09006109693832434,
        0.003965621317854807,
        -0.013875132652780803,
        0.175078127784229,
        -0.05311562312216474,
        0.10492645736554021,
        -0.0050578034682080926,
        0.03925308203951564,
        0.03293864053081699,
        -0.016548225563022916,
        -0.008565442214630589,
        -0.002839876533422154
    ],
    "ad_idmid": [
        0.014982686350306784,
        -0.0004530386830413883,
        -0.0003422652921956753,
        -0.0015877827230627213,
        0.02272277955671092,
        -0.00390180688656257,
        0.004092328799603101,
        -0.005097218790293058,
        -0.0011911842349197953,
        -0.0050479066782595575,
        -0.0019003213089474474,
        -0.003794430167388967,
        0.0016561995573116009
    ],
    "ahp_depth": [
        29.810400655681168,
        22.989929791523505,
        28.672880503923256,
        29.763150010250605,
        27.765681206378748,
        22.5091210385259,
        26.348220456911214,
        26.297503284723522,
        35.13509396280263,
        31.282179658364317,
        35.13479490753782,
        29.11178053467228,
        25.108189456634932
    ],
    "ahp_depth_abs": [
        -58.52842572512511,
        -66.56632706416714,
        -57.65959593674954,
        -60.606677777111045,
        -55.94021593543517,
        -63.67794960395355,
        -53.925184013600656,
        -61.04954779004462,
        -51.68853908091635,
        -54.769238428940355,
        -56.946531030676915,
        -64.16468221191461,
        -64.38070672072242
    ],
    "ahp_depth_abs_slow": [
        -59.36972701285275,
        -67.42040394989216,
        -60.11668927687622,
        -61.895502844692494,
        -57.21610349290779,
        -63.12701201854782,
        -54.44548562837959,
        -60.93806917973651,
        -51.63298649221739,
        -53.85232514440904,
        -55.759595419195016,
        -61.51046343064362,
        -64.06487889214968
    ],
    "ahp_min_voltage": [
        -59.57621769782567,
        -67.51764823385685,
        -60.19804251353321,
        -62.01969219494721,
        -57.38375208280865,
        -63.76991525858576,
        -54.55444646121137,
        -61.17428648531175,
        -51.86384771455808,
        -54.78665035284966,
        -56.89576016809872,
        -64.12158407015187,
        -64.49673888831204
    ],
    "ahp_slow_time": [
        0.16081927324796993,
        0.18971139374270873,
        0.22312891565367154,
        0.33277834088288916,
        0.1797022853508199,
        0.22285274336288943,
        0.22809302776725104,
        0.1819658102901846,
        0.33640274224334,
        0.3169594677516106,
        0.2642677272575128,
        0.28779934800763396,
        0.23117249211217303
    ],
    "ahp_time_from_peak": [
        1.7688796680484913,
        1.799999999998635,
        2.584139264988311,
        2.1094315245462063,
        3.907171314738563,
        1.7334913112151182,
        2.0832713754632355,
        2.0991967871469517,
        2.236104218360623,
        2.29862258952997,
        1.94079189686776,
        1.6804772234260537,
        1.6837704918020515
    ],
    "ap_amplitude": [
        65.97432571276522,
        76.96129570833622,
        73.15939844119858,
        75.80993396678132,
        63.21534262233302,
        74.72674627381485,
        68.59985735012015,
        74.48564867936717,
        68.51180222941696,
        68.81771503087121,
        73.94083855193554,
        82.38999564067784,
        77.58083998551186
    ],
    "ap_avg_thresh": [
        -45.9173767660372,
        -56.374007409957684,
        -47.48551566977921,
        -55.30890852921226,
        -44.28341912506904,
        -51.21269731668818,
        -45.12031691691971,
        -50.06064337572962,
        -45.28660025095877,
        -46.423311160381,
        -45.34208158679048,
        -52.2822477249844,
        -53.40796147730496
    ],
    "ap_delay_idhigh": [
        86.30000000011023,
        68.00000000010607,
        66.60000000010575,
        44.400000000100704,
        45.30000000010091,
        39.20000000009952,
        24.300000000096134,
        55.60000000010325,
        27.80000000009693,
        28.100000000096998,
        26.00000000009652,
        33.60000000009825,
        34.7000000000985
    ],
    "ap_delay_idlow": [
        426.40000000007103,
        156.60000000012622,
        436.9000000000615,
        679.9999999998404,
        85.80000000011012,
        684.799999999836,
        246.2000000001466,
        1137.2999999994245,
        451.80000000004793,
        584.9999999999268,
        650.5999999998671,
        345.100000000145,
        223.10000000014134
    ],
    "ap_delay_idmid": [
        176.40000000013072,
        108.40000000011526,
        150.50000000012483,
        167.30000000012865,
        55.30000000010318,
        136.10000000012155,
        76.80000000010807,
        203.1000000001368,
        132.10000000012064,
        139.70000000012237,
        123.60000000011871,
        126.50000000011937,
        94.5000000001121
    ],
    "ap_fall_rate": [
        -46.072368356774334,
        -60.24733528459649,
        -51.90944587231591,
        -36.25541435425829,
        -42.27444610110721,
        -52.53890364628649,
        -39.12942385631298,
        -46.720584809942515,
        -34.52241006137036,
        -28.72980833982758,
        -45.77420639590382,
        -55.79751638083624,
        -45.82259697622494
    ],
    "ap_half_width": [
        0.7497383296656873,
        0.7113495121381931,
        0.8788632533868029,
        0.8383213207861749,
        0.8784883541875675,
        0.7403118587137463,
        0.9228438357482013,
        0.7699515003824342,
        1.077086055780481,
        1.1471795011238024,
        0.8616556135832192,
        0.8117751702359134,
        0.731778094052522
    ],
    "ap_peak": [
        20.056948946728028,
        20.58728829837854,
        25.672280840119015,
        20.501025437569066,
        18.931923497263984,
        23.514048957126686,
        23.47778660908531,
        24.422411029089325,
        23.22520197845819,
        22.3840315357367,
        28.596891976982032,
        30.096916905543576,
        24.172878508206892
    ],
    "ap_rise_rate": [
        107.97382456107673,
        164.02225331630913,
        80.11993057975023,
        91.52712350108078,
        104.07374275792819,
        102.54494992062965,
        85.60331929002915,
        102.19940199343925,
        63.35504127335311,
        49.07923960486154,
        98.0664166067642,
        118.51979200989624,
        101.87723494135643
    ],
    "ap_threshold": [
        -46.13119999337606,
        -52.84379999810082,
        -46.34999999842559,
        -56.656199991697385,
        -52.41869999535676,
        -53.581299997496785,
        -46.44369999831158,
        -53.07499999907209,
        -50.062499997644636,
        -47.34379999445466,
        -46.01249999130708,
        -53.28119999807565,
        -55.731299998651956
    ],