{
    "cell_ids": ["150602_c10_D2", "150602_c11_D2", "150602_c2_D2",
    "150603_c6_D2", "150908_c4_D2", "150908_c7_D2",
    "150917_c11_D2", "151123_c1_D2", "151123_c5_D2",
    "151124_c5_D2", "160118_c10_D2", "160118_c11_D2",
    "160118_c6_D2"],
    "ad_idhigh": [
        0.0021029270358331937,
        0.002924282066337128,
        0.0032862938690819275,
        0.0015945698435960325,
        0.0009009816976975252,
        5.0164278307096135e-05,
        -0.0006654180946936369,
        0.0014075709931219466,
        0.011829515833189547,
        0.0008556959014659291,
        0.0008545504825597396,
        0.0034801925618946875,
        -0.00025200013011793715
    ],
    "ad_idlow": [
        -0.0033524683133727058,
        -0.1774387796065837,
        -0.05905929551459948,
        0.035296782005386704,
        0.00950018044027427,
        0.04842419679775154,
        -0.021490590592844246,
        -0.02783903297539936,
        0.0179411267892392,
        0.2663195834999281,
        0.03321792784440316,
        0.007988424519796103,
        -0.009267076421570982
    ],
    "ad_idmid": [
        0.0038987649849940406,
        0.017429651003413045,
        -0.004319442649126708,
        -0.002047760154973174,
        0.00209147665494397,
        -0.0009680435806829,
        -0.0037621535598835487,
        -0.0009606147967698549,
        -0.0006950797457851376,
        0.009351194574591746,
        -0.005958551312667062,
        0.00587445089361644,
        -0.0010127374581408058
    ],
    "ahp_depth": [
        41.17404105231633,
        32.037334476634676,
        43.97966213468276,
        22.28440239146195,
        36.16688428310558,
        33.1079092341583,
        19.9570220736021,
        34.237341826330464,
        34.462913456659244,
        24.182763746741806,
        29.99663746716221,
        30.380435524768394,
        29.628182415178994
    ],
    "ahp_depth_abs": [
        -41.02233955691038,
        -49.51301838667261,
        -41.70261398824952,
        -64.2284758359389,
        -55.3158725517968,
        -55.30975436298593,
        -67.67520580743202,
        -49.8148536470257,
        -49.30819227017456,
        -63.68246561924346,
        -56.34664391115703,
        -57.33495733210252,
        -61.36064480663593
    ],
    "ahp_depth_abs_slow": [
        -43.30403099769624,
        -50.74246124554366,
        -43.14488775385932,
        -66.88504055174143,
        -57.56501457787532,
        -56.66211029480833,
        -64.83588622028257,
        -52.07004118182749,
        -50.67865618612393,
        -64.08010198247719,
        -59.78607117915552,
        -59.185771013306834,
        -62.41556440975729
    ],
    "ahp_min_voltage": [
        -43.38485900787174,
        -50.874133158230116,
        -43.212736492530354,
        -66.97517608248006,
        -57.73207995916944,
        -56.78828497763482,
        -67.68130235890064,
        -52.1764366508916,
        -50.84851671963989,
        -64.22734363832134,
        -59.88027473285952,
        -59.351772915518254,
        -62.50652114754294
    ],
    "ahp_slow_time": [
        0.293734533598822,
        0.22313014578337848,
        0.24079641880992503,
        0.23469600742830465,
        0.2938436101764332,
        0.29458990104723415,
        0.15684785561474945,
        0.3893146862055712,
        0.25883496370430215,
        0.23981379665112257,
        0.3497321032914178,
        0.23214937123447224,
        0.36378213918527474
    ],
    "ahp_time_from_peak": [
        3.130165745854099,
        6.344080604529348,
        5.623661485315089,
        2.6094614264900833,
        2.327639155468439,
        3.0151419558336676,
        1.5475103734427789,
        2.6189914163070727,
        2.8799684542565642,
        2.107535321819527,
        2.306451612901524,
        7.5566666666608,
        2.102373887238765
    ],
    "ap_amplitude": [
        65.60383170708182,
        63.47568185773858,
        48.90446804499013,
        71.14315035595165,
        67.62610306325043,
        68.2543586698284,
        85.90151698549795,
        77.83528582998812,
        73.7980861164121,
        73.30524033661132,
        74.52650914884099,
        70.7611206540762,
        75.7885050369854
    ],
    "ap_avg_thresh": [
        -33.654578014177325,
        -39.54401990100855,
        -31.36999223116514,
        -52.93944076049179,
        -47.53360345806878,
        -46.63100105481108,
        -50.22666058357702,
        -44.3835092303698,
        -41.386227132453705,
        -53.79130973584084,
        -49.23227128317841,
        -44.82058200269785,
        -55.21440554140066
    ],
    "ap_delay_idhigh": [
        21.500000000095497,
        44.800000000100795,
        62.000000000104706,
        35.300000000098635,
        67.30000000010591,
        25.400000000096384,
        56.900000000103546,
        22.30000000009568,
        40.30000000009977,
        22.200000000095656,
        26.900000000096725,
        76.00000000010789,
        31.10000000009768
    ],
    "ap_delay_idlow": [
        201.0000000001363,
        151.200000000125,
        344.000000000146,
        222.9000000001413,
        693.9999999998277,
        323.00000000016405,
        844.299999999691,
        299.8000000001588,
        362.8000000001289,
        153.80000000012558,
        519.9999999999859,
        173.00000000012994,
        241.50000000014552
    ],
    "ap_delay_idmid": [
        73.30000000010727,
        88.30000000011069,
        184.10000000013247,
        117.30000000011728,
        227.50000000014234,
        118.80000000011762,
        190.4000000001339,
        95.10000000011223,
        143.50000000012324,
        88.10000000011064,
        149.60000000012462,
        81.80000000010921,
        90.30000000011114
    ],
    "ap_fall_rate": [
        -50.56276186812762,
        -44.810059876331444,
        -21.780022566434933,
        -53.79764982058989,
        -37.73181400543866,
        -42.808532642258996,
        -65.52650988556076,
        -33.14314288215827,
        -33.75100243161208,
        -51.45421194217818,
        -52.05233980593917,
        -43.99611248771724,
        -45.970581636036194
    ],
    "ap_half_width": [
        0.9065477537276281,
        0.9957921749729199,
        1.233363944257379,
        0.8507781346102707,
        0.8837574453655493,
        1.0509501952539757,
        0.6700280026536951,
        1.0505333036103006,
        1.1139765421322463,
        0.8941863734447674,
        0.8474584176258622,
        0.768354793749463,
        0.919135811319227
    ],
    "ap_peak": [
        31.949253692904506,
        23.931661956730032,
        17.53447581382499,
        18.193440162131576,
        20.092499605181647,
        21.62335761501732,
        35.67485640192092,
        33.45177659961831,
        32.41185898395841,
        19.513930600770486,
        25.29423786566259,
        25.94053865137834,
        20.574099495584743
    ],
    "ap_rise_rate": [
        107.31361416573294,
        83.43169535940717,
        41.619616281273984,
        113.72347683368211,
        77.86938370141145,
        97.9610670728882,
        158.2072714790372,
        73.84388434664766,
        60.67739507005752,
        104.36336696743031,
        129.58731014290856,
        90.91420403989916,
        101.3719357559492
    ],
    "ap_threshold": [
        -40.52499999222092,
        -45.193699990665955,
        -37.86869999443529,
        -53.52499999868771,
        -50.28119999787002,
        -53.92499999928701,
        -52.8311999991556,
        -49.24379999937399,
        -44.962499998418544,
        -58.29379999861154,
        -51.82499999815356,
        -48.49369999541354,
        -58.60629999872401
    ],