{"Mouse": [1.6303593875826843, 37.084155509669145, 4.2069882964020495], "Human": [0.7182570457057172, 43.01995596246957, 3.8928549708016957]}