{
    "AB6_porta27_cel1": {
        "length": 2241.4891938549,
        "ephys": "150602_c2_D2",
        "rheobase": 138.45451135876553,
        "zscore": -1.988852415337311
    },
    "AB6_porta25_cel2": {
        "length": 2306.4640410545535,
        "ephys": "160118_c10_D2",
        "rheobase": 171.9293152157608,
        "zscore": -1.6383217157177623
    },
    "AB6_porta25_cel1": {
        "length": 2889.8130276809825,
        "ephys": "150603_c6_D2",
        "rheobase": 204.4504572081726,
        "zscore": -1.2977772661154208
    },
    "AB6_porta32_cel4": {
        "length": 2966.881579081731,
        "ephys": "150908_c4_D2",
        "rheobase": 256.15877668883445,
        "zscore": -0.7563146938136011
    },
    "AB6_porta31_cel2": {
        "length": 3719.1999987765294,
        "ephys": "151124_c5_D2",
        "rheobase": 303.561396819841,
        "zscore": -0.259939161060505
    },
    "AB6_porta31_cel1": {
        "length": 4790.956194693019,
        "ephys": "151123_c1_D2",
        "rheobase": 335.55446522326116,
        "zscore": 0.07507557713887757
    },
    "AB5_porta77_cel3": {
        "length": 5161.177069302979,
        "ephys": "151123_c5_D2",
        "rheobase": 337.01885094254715,
        "zscore": 0.09040986118388848
    },
    "AB6_porta32_cel1": {
        "length": 5460.339916876231,
        "ephys": "150602_c10_D2",
        "rheobase": 392.68800940047004,
        "zscore": 0.673348274948766
    },
    "AB5_porta76_cel6": {
        "length": 5579.34670623623,
        "ephys": "150602_c11_D2",
        "rheobase": 392.7436996849842,
        "zscore": 0.6739314345835816
    },
    "AB5_porta80A_cel11": {
        "length": 5744.567463029681,
        "ephys": "150602_c11_D2",
        "rheobase": 392.7436996849842,
        "zscore": 0.6739314345835816
    },
    "AB5_porta76_cel1": {
        "length": 5865.146342736179,
        "ephys": "160118_c11_D2",
        "rheobase": 397.10998049902497,
        "zscore": 0.7196528516535514
    },
    "AB5_porta80A_cel17": {
        "length": 5891.711519679336,
        "ephys": "150908_c7_D2",
        "rheobase": 403.93466548327416,
        "zscore": 0.7911173959248686
    },
    "AB5_porta80A_cel16": {
        "length": 5925.735576530147,
        "ephys": "150917_c11_D2",
        "rheobase": 435.10134881744085,
        "zscore": 1.1174786603737235
    },
    "AB5_porta79_cel1": {
        "length": 5933.9438167207145,
        "ephys": "160118_c6_D2",
        "rheobase": 435.9399219960998,
        "zscore": 1.1262597616537566
    }
}