{
    "AB5_porta76_cel1-norm": {
        "dend": {
            "area": 8955.578892301153,
            "breadth": 13,
            "contrac": 0.9504772045744134,
            "degree": 2,
            "diam": 1.5726759151765348,
            "dist": 109.20886195039301,
            "length": 2360.8471897185723,
            "nbranch": 28,
            "nstem": 4,
            "nterm": 32,
            "order": 8,
            "path": 121.59436801151998,
            "seclen": 39.347453161976205,
            "volume": 5787.168433895976,
            "xdim": 177.23250000000002,
            "ydim": 190.92270000000002,
            "zdim": 158.30450000000002
        }
    },
    "AB5_porta76_cel2-norm": {
        "dend": {
            "area": 10796.712562987828,
            "breadth": 26,
            "contrac": 0.9519997789612361,
            "degree": 2,
            "diam": 1.2262468147361623,
            "dist": 109.4525843485662,
            "length": 2779.987017893958,
            "nbranch": 37,
            "nstem": 6,
            "nterm": 43,
            "order": 8,
            "path": 129.06305979415592,
            "seclen": 34.749837723674474,
            "volume": 8581.88416235105,
            "xdim": 153.20510000000002,
            "ydim": 175.8773,
            "zdim": 202.4016
        }
    },
    "AB5_porta76_cel3-norm": {
        "dend": {
            "area": 9988.457013674291,
            "breadth": 12,
            "contrac": 0.9503531917189574,
            "degree": 2,
            "diam": 1.4291763725690272,
            "dist": 108.75218494961652,
            "length": 2434.2009841506238,
            "nbranch": 24,
            "nstem": 6,
            "nterm": 30,
            "order": 7,
            "path": 118.71867867299257,
            "seclen": 45.07779600278933,
            "volume": 7783.3795664911995,
            "xdim": 181.52609999999999,
            "ydim": 171.4194,
            "zdim": 166.4673
        }
    },
    "AB5_porta76_cel4-norm": {
        "dend": {
            "area": 10739.0967002113,
            "breadth": 8,
            "contrac": 0.9578912738297125,
            "degree": 2,
            "diam": 1.2504256347241902,
            "dist": 107.99700043144718,
            "length": 2402.147152159024,
            "nbranch": 28,
            "nstem": 8,
            "nterm": 36,
            "order": 5,
            "path": 114.61238661259127,
            "seclen": 37.53354925248475,
            "volume": 11320.92155582356,
            "xdim": 164.55739999999997,
            "ydim": 187.2517,
            "zdim": 137.5224
        }
    },
    "AB5_porta76_cel5-norm": {
        "dend": {
            "area": 8087.429404798039,
            "breadth": 8,
            "contrac": 0.927520888830408,
            "degree": 2,
            "diam": 1.1055443319805727,
            "dist": 108.81573895838781,
            "length": 2081.413508677113,
            "nbranch": 24,
            "nstem": 6,
            "nterm": 30,
            "order": 6,
            "path": 125.97769177740373,
            "seclen": 38.544694605131724,
            "volume": 6068.542125396704,
            "xdim": 154.9756,
            "ydim": 190.2772,
            "zdim": 131.9014
        }
    },
    "AB5_porta76_cel6-norm": {
        "dend": {
            "area": 8949.463251608659,
            "breadth": 15,
            "contrac": 0.9514499041164906,
            "degree": 2,
            "diam": 1.2916176251173022,
            "dist": 106.87412256580168,
            "length": 2221.85222983682,
            "nbranch": 27,
            "nstem": 5,
            "nterm": 32,
            "order": 6,
            "path": 120.71302905515793,
            "seclen": 37.65851237011559,
            "volume": 6339.530919279415,
            "xdim": 154.72480000000002,
            "ydim": 146.4289,
            "zdim": 143.93110000000001
        }
    },
    "AB5_porta77_cel3-norm": {
        "dend": {
            "area": 8490.409892596983,
            "breadth": 13,
            "contrac": 0.9454969048000214,
            "degree": 2,
            "diam": 1.2989336587634834,
            "dist": 104.25034029296978,
            "length": 2142.007136409706,
            "nbranch": 25,
            "nstem": 6,
            "nterm": 31,
            "order": 6,
            "path": 127.36287241799607,
            "seclen": 38.25012743588761,
            "volume": 6769.795665645354,
            "xdim": 144.8352,
            "ydim": 147.01749999999998,
            "zdim": 197.26299999999998
        }
    },
    "AB5_porta79_cel1-norm": {
        "dend": {
            "area": 8006.436585934586,
            "breadth": 8,
            "contrac": 0.9515329124601634,
            "degree": 2,
            "diam": 1.117346849592195,
            "dist": 111.5581367256553,
            "length": 2195.5545091419785,
            "nbranch": 28,
            "nstem": 6,
            "nterm": 34,
            "order": 6,
            "path": 122.54951967896463,
            "seclen": 35.41216950228998,
            "volume": 5684.237170629063,
            "xdim": 186.20159999999998,
            "ydim": 143.7991,
            "zdim": 129.9938
        }
    },
    "AB5_porta79_cel2-norm": {
        "dend": {
            "area": 11656.756668633036,
            "breadth": 19,
            "contrac": 0.9508621758597758,
            "degree": 2,
            "diam": 1.2948121376548967,
            "dist": 107.83600379992251,
            "length": 2961.8727681586506,
            "nbranch": 39,
            "nstem": 6,
            "nterm": 45,
            "order": 7,
            "path": 125.50381471261748,
            "seclen": 35.260390097126795,
            "volume": 9629.881223489836,
            "xdim": 165.6814,
            "ydim": 169.0534,
            "zdim": 170.4601
        }
    },
    "AB5_porta80A_cel10-norm": {
        "dend": {
            "area": 12208.050596659486,
            "breadth": 8,
            "contrac": 0.9481244610867987,
            "degree": 2,
            "diam": 1.283322871456971,
            "dist": 105.461916564396,
            "length": 2649.684420344706,
            "nbranch": 27,
            "nstem": 9,
            "nterm": 36,
            "order": 6,
            "path": 118.36530358875989,
            "seclen": 42.058482862614376,
            "volume": 12481.158371947022,
            "xdim": 167.3775,
            "ydim": 183.26510000000002,
            "zdim": 96.82329999999999
        }
    },
    "AB5_porta80A_cel11-norm": {
        "dend": {
            "area": 8967.015406076851,
            "breadth": 16,
            "contrac": 0.95460711753155,
            "degree": 2,
            "diam": 1.3727726893615169,
            "dist": 105.13410325306864,
            "length": 2213.4983911980985,
            "nbranch": 26,
            "nstem": 5,
            "nterm": 31,
            "order": 8,
            "path": 113.29388564935027,
            "seclen": 38.83330510873857,
            "volume": 7682.610661817331,
            "xdim": 172.37869999999998,
            "ydim": 169.49790000000002,
            "zdim": 101.9333
        }
    },
    "AB5_porta80A_cel12-norm": {
        "dend": {
            "area": 11215.832180920277,
            "breadth": 9,
            "contrac": 0.952438673558614,
            "degree": 2,
            "diam": 1.5146959080398792,
            "dist": 106.23009161767675,
            "length": 2491.6426519461475,
            "nbranch": 32,
            "nstem": 6,
            "nterm": 38,
            "order": 7,
            "path": 117.0844383584884,
            "seclen": 35.5948950278021,
            "volume": 10759.89885032567,
            "xdim": 190.6216,
            "ydim": 155.0417,
            "zdim": 119.8484
        }
    },
    "AB5_porta80A_cel13-norm": {
        "dend": {
            "area": 10977.547989440562,
            "breadth": 21,
            "contrac": 0.9554183430281976,
            "degree": 2,
            "diam": 1.259078422771683,