{
    "786497332_transformed.CNG-norm": {
        "dend": {
            "area": 3677.525534583883,
            "breadth": 5,
            "contrac": 0.8650290632132631,
            "degree": 2,
            "diam": 0.7521360753744278,
            "dist": 102.17784686912326,
            "length": 1263.54063657615,
            "nbranch": 13,
            "nstem": 5,
            "nterm": 18,
            "order": 5,
            "path": 121.08833401148394,
            "seclen": 40.7593753734242,
            "volume": 2391.3797824959083,
            "xdim": 188.6184,
            "ydim": 85.0247,
            "zdim": 114.0283
        }
    },
    "Fig6b_1610052mg_B.CNG-norm": {
        "dend": {
            "area": 5528.555765455902,
            "breadth": 11,
            "contrac": 0.8526938185677544,
            "degree": 2,
            "diam": 0.8540696723535126,
            "dist": 101.67443907939695,
            "length": 2101.1836916785132,
            "nbranch": 26,
            "nstem": 4,
            "nterm": 30,
            "order": 5,
            "path": 128.73725048968436,
            "seclen": 37.521137351402025,
            "volume": 3422.9864824322667,
            "xdim": 161.41219999999998,
            "ydim": 108.5418,
            "zdim": 103.8323
        }
    },
    "Figure1_Cell_a_Layer2.CNG-norm": {
        "dend": {
            "area": 13261.777021425309,
            "breadth": 17,
            "contrac": 0.9058098934801152,
            "degree": 2,
            "diam": 3.1832729350170403,
            "dist": 104.71485085383067,
            "length": 1226.5985244261617,
            "nbranch": 36,
            "nstem": 4,
            "nterm": 40,
            "order": 9,
            "path": 194.66181637525725,
            "seclen": 16.139454268765284,
            "volume": 11173.51187556628,
            "xdim": 162.31150000000002,
            "ydim": 115.79990000000001,
            "zdim": 23.75402
        }
    },
    "Figure1_Cell_b_Layer2.CNG-norm": {
        "dend": {
            "area": 5966.477564887901,
            "breadth": 8,
            "contrac": 0.9180731159191462,
            "degree": 2,
            "diam": 2.2697897885739993,
            "dist": 101.36422477402962,
            "length": 825.2376631427431,
            "nbranch": 11,
            "nstem": 4,
            "nterm": 15,
            "order": 7,
            "path": 117.68167437583863,
            "seclen": 31.739910120874736,
            "volume": 3409.83799815506,
            "xdim": 176.3326,
            "ydim": 100.6707,
            "zdim": 35.14838
        }
    },
    "Figure1_Cell_c_Layer3.CNG-norm": {
        "dend": {
            "area": 51846.81361623222,
            "breadth": 29,
            "contrac": 0.9156293710705139,
            "degree": 2,
            "diam": 5.72350266195342,
            "dist": 109.77380290533621,
            "length": 2234.4439454082903,
            "nbranch": 64,
            "nstem": 4,
            "nterm": 68,
            "order": 14,
            "path": 132.53634039615378,
            "seclen": 16.927605647032504,
            "volume": 108614.76573708607,
            "xdim": 177.9382,
            "ydim": 135.7449,
            "zdim": 45.76685
        }
    },
    "Figure1_Cell_d_Layer3c.CNG-norm": {
        "dend": {
            "area": 6910.069069837533,
            "breadth": 7,
            "contrac": 0.924241586298711,
            "degree": 2,
            "diam": 2.845522762123826,
            "dist": 98.4199520386395,
            "length": 688.9780102184785,
            "nbranch": 16,
            "nstem": 4,
            "nterm": 20,
            "order": 5,
            "path": 109.72716196611947,
            "seclen": 19.138278061624405,
            "volume": 5883.102230005558,
            "xdim": 152.9333,
            "ydim": 63.79231,
            "zdim": 29.711399999999998
        }
    },
    "Figure1_Cell_e_Layer3c.CNG-norm": {
        "dend": {
            "area": 10836.216136675559,
            "breadth": 19,
            "contrac": 0.940789721193629,
            "degree": 2,
            "diam": 2.1383983199396615,
            "dist": 99.90567701975549,
            "length": 1591.861409569685,
            "nbranch": 37,
            "nstem": 4,
            "nterm": 41,
            "order": 9,
            "path": 110.20522099249794,
            "seclen": 20.408479609867758,
            "volume": 5923.152036216237,
            "xdim": 144.4211,
            "ydim": 113.89710000000001,
            "zdim": 29.546
        }
    },
    "Layer3-Human-tissue.CNG-norm": {
        "dend": {
            "area": 6504.13035801925,
            "breadth": 14,
            "contrac": 0.9074710318653739,
            "degree": 2,
            "diam": 1.3142280804938218,
            "dist": 96.33231115617231,
            "length": 1008.1856230404056,
            "nbranch": 29,
            "nstem": 3,
            "nterm": 32,
            "order": 8,
            "path": 217.77445861098417,
            "seclen": 16.527633164596814,
            "volume": 10608.125782675723,
            "xdim": 125.46029999999999,
            "ydim": 102.4509,
            "zdim": 25.2185
        }
    }
}