{
    "AB6_porta25_cel3": {
        "length": 3596.0767186315056,
        "ephys": "150603_c7_D1",
        "rheobase": 256.59720486024304,
        "zscore": -1.8517591722474376
    },
    "AB5_porta76_cel5": {
        "length": 4737.190136809803,
        "ephys": "150917_c6_D1",
        "rheobase": 335.17500875043754,
        "zscore": -1.1780156579374144
    },
    "AB6_porta32_cel3": {
        "length": 4739.121816712598,
        "ephys": "151123_c4_D1",
        "rheobase": 335.34898619931,
        "zscore": -1.1765239367132145
    },
    "AB6_porta32_cel2": {
        "length": 5311.531124270349,
        "ephys": "151123_c2_D1",
        "rheobase": 392.5428771438572,
        "zscore": -0.6861308336444227
    },
    "AB5_porta76_cel3": {
        "length": 6124.764558345028,
        "ephys": "150602_c1_D1",
        "rheobase": 444.74198709935496,
        "zscore": -0.23856409031296388
    },
    "AB5_porta80A_cel15": {
        "length": 6228.246797852569,
        "ephys": "160118_c7_D1",
        "rheobase": 447.4009012950647,
        "zscore": -0.21576597041424964
    },
    "AB5_porta76_cel4": {
        "length": 6401.99032878103,
        "ephys": "150908_c5_D1",
        "rheobase": 475.4199272463623,
        "zscore": 0.024475371000061166
    },
    "AB5_porta80A_cel14": {
        "length": 6425.178829226854,
        "ephys": "160118_c9_D1",
        "rheobase": 511.7678383919196,
        "zscore": 0.3361304209077639
    },
    "AB5_porta80A_cel10": {
        "length": 6441.24209013767,
        "ephys": "150917_c10_D1",
        "rheobase": 538.6826216310816,
        "zscore": 0.566903740454664
    },
    "AB5_porta79_cel2": {
        "length": 6798.11510887249,
        "ephys": "150602_c9_D1",
        "rheobase": 543.3249162458123,
        "zscore": 0.606707803858649
    },
    "AB5_porta76_cel2": {
        "length": 6825.1058934621105,
        "ephys": "160118_c8_D1",
        "rheobase": 566.9090329516475,
        "zscore": 0.8089232500104846
    },
    "AB5_porta80A_cel12": {
        "length": 6871.478416668252,
        "ephys": "150917_c9_D1",
        "rheobase": 605.9492974648732,
        "zscore": 1.1436631346920398
    },
    "AB5_porta80A_cel13": {
        "length": 7260.7461965497305,
        "ephys": "150908_c6_D1",
        "rheobase": 689.4895682284114,
        "zscore": 1.8599559403460384
    }
}