{
    "1.CNG-norm": {
        "dend": {
            "area": 2078.8056956392043,
            "breadth": 8,
            "contrac": 0.8257352854487452,
            "degree": 2,
            "diam": 0.24000000000000002,
            "dist": 98.73732966863192,
            "length": 1387.377540946578,
            "nbranch": 15,
            "nstem": 5,
            "nterm": 20,
            "order": 6,
            "path": 119.12592573031127,
            "seclen": 39.63935831275937,
            "volume": 1836.4549507864863,
            "xdim": 150.0057,
            "ydim": 176.5014,
            "zdim": 47.7702
        }
    },
    "10.CNG-norm": {
        "dend": {
            "area": 4428.242550179688,
            "breadth": 6,
            "contrac": 0.8786271589736727,
            "degree": 2,
            "diam": 0.647027027027027,
            "dist": 97.71409936196517,
            "length": 1535.0330748937176,
            "nbranch": 15,
            "nstem": 7,
            "nterm": 22,
            "order": 4,
            "path": 118.33423244560748,
            "seclen": 41.48738040253291,
            "volume": 2711.0910674294532,
            "xdim": 154.7878,
            "ydim": 168.0025,
            "zdim": 52.4671
        }
    },
    "11.CNG-norm": {
        "dend": {
            "area": 5218.655096850553,
            "breadth": 6,
            "contrac": 0.842910724774307,
            "degree": 2,
            "diam": 0.7588235294117648,
            "dist": 101.02175025012782,
            "length": 1562.4948579635263,
            "nbranch": 13,
            "nstem": 8,
            "nterm": 21,
            "order": 4,
            "path": 116.78524829683059,
            "seclen": 45.955731116574306,
            "volume": 3659.919298948063,
            "xdim": 144.3578,
            "ydim": 175.8881,
            "zdim": 60.64553
        }
    },
    "12.CNG-norm": {
        "dend": {
            "area": 4786.913500218399,
            "breadth": 4,
            "contrac": 0.8317802132529181,
            "degree": 2,
            "diam": 0.5385964912280702,
            "dist": 98.07218760922997,
            "length": 1692.6009423807593,
            "nbranch": 15,
            "nstem": 8,
            "nterm": 23,
            "order": 4,
            "path": 128.74357298258218,
            "seclen": 44.54213006265156,
            "volume": 4050.26223206244,
            "xdim": 145.99040000000002,
            "ydim": 182.1336,
            "zdim": 71.06383
        }
    },
    "13.CNG-norm": {
        "dend": {
            "area": 3769.9520668335736,
            "breadth": 5,
            "contrac": 0.8947919214463458,
            "degree": 2,
            "diam": 0.49000000000000005,
            "dist": 101.84584640475035,
            "length": 1579.183072212377,
            "nbranch": 17,
            "nstem": 6,
            "nterm": 23,
            "order": 4,
            "path": 110.29030604639867,
            "seclen": 39.47957680530943,
            "volume": 2832.849710890111,
            "xdim": 155.2736,
            "ydim": 161.36700000000002,
            "zdim": 64.0654
        }
    },
    "14.CNG-norm": {
        "dend": {
            "area": 4226.9104681157505,
            "breadth": 4,
            "contrac": 0.8522569247157376,
            "degree": 2,
            "diam": 0.4900000000000001,
            "dist": 95.09735618522735,
            "length": 1605.3983895357335,
            "nbranch": 11,
            "nstem": 9,
            "nterm": 20,
            "order": 3,
            "path": 117.5106791344316,
            "seclen": 51.78704482373334,
            "volume": 3401.92935075966,
            "xdim": 161.8739,
            "ydim": 155.2176,
            "zdim": 69.97460000000001
        }
    },
    "15.CNG-norm": {
        "dend": {
            "area": 3433.9339636577693,
            "breadth": 6,
            "contrac": 0.8536258616851516,
            "degree": 2,
            "diam": 0.49666666666666653,
            "dist": 94.32677061044812,
            "length": 1472.6225505117286,
            "nbranch": 15,
            "nstem": 6,
            "nterm": 21,
            "order": 5,
            "path": 120.99422717943096,
            "seclen": 40.906181958659126,
            "volume": 2319.5685703157,
            "xdim": 162.9644,
            "ydim": 163.34449999999998,
            "zdim": 70.0369
        }
    },
    "16.CNG-norm": {
        "dend": {
            "area": 1953.5981116669295,
            "breadth": 5,
            "contrac": 0.8159338500236927,
            "degree": 2,
            "diam": 0.24,
            "dist": 97.09532727191561,
            "length": 1212.9588777510496,
            "nbranch": 9,
            "nstem": 6,
            "nterm": 15,
            "order": 4,
            "path": 122.7876642252443,
            "seclen": 50.53995323962707,
            "volume": 1720.8797659188378,
            "xdim": 159.5177,
            "ydim": 156.11880000000002,
            "zdim": 52.843700000000005
        }
    },
    "17.CNG-norm": {
        "dend": {
            "area": 3061.5834104730397,
            "breadth": 9,
            "contrac": 0.8860260513186489,
            "degree": 2,
            "diam": 0.35344210526315784,
            "dist": 101.51265677974546,
            "length": 1659.101564959125,
            "nbranch": 22,
            "nstem": 6,
            "nterm": 28,
            "order": 6,
            "path": 123.25064403160097,
            "seclen": 33.1820312991825,
            "volume": 2045.9189020626068,
            "xdim": 120.1873,
            "ydim": 195.4024,
            "zdim": 53.58956
        }
    },
    "18.CNG-norm": {
        "dend": {
            "area": 2483.0591799941085,
            "breadth": 7,
            "contrac": 0.8692598800102622,
            "degree": 2,
            "diam": 0.5099999999999998,
            "dist": 102.74869617880803,
            "length": 1203.0553169785073,
            "nbranch": 16,
            "nstem": 4,
            "nterm": 20,
            "order": 6,
            "path": 110.47525508244016,
            "seclen": 33.41820324940298,
            "volume": 1191.2184167855498,
            "xdim": 99.3097,
            "ydim": 172.3183,
            "zdim": 53.9972
        }
    },
    "19.CNG-norm": {
        "dend": {
            "area": 4068.787159658395,
            "breadth": 5,
            "contrac": 0.8696217168640906,
            "degree": 2,
            "diam": 0.4899999999999998,
            "dist": 99.77914521922904,
            "length": 1420.3647869784277,
            "nbranch": 15,
            "nstem": 6,
            "nterm": 21,
            "order": 4,
            "path": 114.5318891129713,
            "seclen": 39.45457741606744,
            "volume": 4088.739382578438,
            "xdim": 116.774,
            "ydim": 163.3964,
            "zdim": 62.05406
        }
    },
    "2.CNG-norm": {
        "dend": {
            "area": 2164.292538352643,
            "breadth": 5,
            "contrac": 0.8891934022678879,
            "degree": 2,
            "diam": 0.24000000000000005,
            "dist": 95.24628296674679,
            "length": 1224.9643027983866,
            "nbranch": 12,
            "nstem": 6,
            "nterm": 18,
            "order": 4,
            "path": 112.77075469109991,
            "seclen": 40.83214342661289,
            "volume": 2199.239142585899,
            "xdim": 149.51,
            "ydim": 169.8503,
            "zdim": 40.5995
        }
    },
    "20.CNG-norm": {
        "dend": {
            "area": 4045.077527889774,
            "breadth": 7,
            "contrac": 0.865273510351664,
            "degree": 2,
            "diam": 0.5650000000000001,
            "dist": 94.13020556919071,
            "length": 1396.548010449062,
            "nbranch": 13,
            "nstem": 6,
            "nterm": 19,
            "order": 5,
            "path": 114.15036480416423,
            "seclen": 43.64212532653319,