{
    "animal_1_n27_04102017_cel2": {
        "length": 1793.4854937158536,
        "ephys": "150603_c7_D1",
        "rheobase": 256.59720486024304,
        "zscore": -2.0518888427047135
    },
    "animal_1_n33_04102017_cel2": {
        "length": 2460.4830021539588,
        "ephys": "150917_c6_D1",
        "rheobase": 335.17500875043754,
        "zscore": -1.308962071143627
    },
    "animal_5_n27_04102017_cel1": {
        "length": 2499.6366781319284,
        "ephys": "151123_c4_D1",
        "rheobase": 335.34898619931,
        "zscore": -1.3073171727369999
    },
    "animal_1_n21_04102017_cel1": {
        "length": 2502.9808060825185,
        "ephys": "151123_c2_D1",
        "rheobase": 392.5428771438572,
        "zscore": -0.7665681234020688
    },
    "animal_1_n24_04102017_cel1": {
        "length": 2556.176796365459,
        "ephys": "150602_c1_D1",
        "rheobase": 444.74198709935496,
        "zscore": -0.27304305248265376
    },
    "animal_5_n21_04102017_cel1": {
        "length": 2607.023186252527,
        "ephys": "160118_c7_D1",
        "rheobase": 447.4009012950647,
        "zscore": -0.2479039108742039
    },
    "animal_1_n18_04102017_cel1": {
        "length": 2794.627618939121,
        "ephys": "160118_c7_D1",
        "rheobase": 447.4009012950647,
        "zscore": -0.2479039108742039
    },
    "animal_5_n22_04102017_cel2": {
        "length": 2898.5198669307965,
        "ephys": "150908_c5_D1",
        "rheobase": 475.4199272463623,
        "zscore": 0.017006578624490194
    },
    "animal_1_n27_04102017_cel1": {
        "length": 2947.296237358421,
        "ephys": "150908_c5_D1",
        "rheobase": 475.4199272463623,
        "zscore": 0.017006578624490194
    },
    "animal_5_n27_04102017_cel2": {
        "length": 2975.6668356388286,
        "ephys": "160118_c9_D1",
        "rheobase": 511.7678383919196,
        "zscore": 0.3606638831489789
    },
    "animal_5_n22_04102017_cel1": {
        "length": 3023.118280467015,
        "ephys": "160118_c9_D1",
        "rheobase": 511.7678383919196,
        "zscore": 0.3606638831489789
    },
    "animal_1_n30_04102017_cel1": {
        "length": 3065.2570849860754,
        "ephys": "150917_c10_D1",
        "rheobase": 538.6826216310816,
        "zscore": 0.615134128297078
    },
    "animal_1_n33_04102017_cel1": {
        "length": 3081.2418284562827,
        "ephys": "150602_c9_D1",
        "rheobase": 543.3249162458123,
        "zscore": 0.6590254663087238
    },
    "animal_1_n30_04102017_cel2": {
        "length": 3263.616813177388,
        "ephys": "160118_c8_D1",
        "rheobase": 566.9090329516475,
        "zscore": 0.882005376880804
    },
    "animal_5_n15_04102017_cel1": {
        "length": 3269.999754457153,
        "ephys": "150917_c9_D1",
        "rheobase": 605.9492974648732,
        "zscore": 1.251117979165187
    },
    "animal_5_n18_04102017_cel1": {
        "length": 3470.4105957129264,
        "ephys": "150908_c6_D1",
        "rheobase": 689.4895682284114,
        "zscore": 2.04096321001974
    }
}