{
    "61.CNG-norm": {
        "dend": {
            "area": 3071.664367963196,
            "breadth": 6,
            "contrac": 0.8739260045843761,
            "degree": 2,
            "diam": 0.41000000000000003,
            "dist": 99.59243437723362,
            "length": 1548.464129934766,
            "nbranch": 16,
            "nstem": 6,
            "nterm": 22,
            "order": 5,
            "path": 118.84182760371854,
            "seclen": 40.749056050914895,
            "volume": 1973.9684234953963,
            "xdim": 186.3524,
            "ydim": 144.5335,
            "zdim": 45.81285
        }
    },
    "62.CNG-norm": {
        "dend": {
            "area": 3161.490056183663,
            "breadth": 5,
            "contrac": 0.8857332120620276,
            "degree": 2,
            "diam": 0.41000000000000003,
            "dist": 101.69391166112158,
            "length": 1468.7736952798914,
            "nbranch": 16,
            "nstem": 6,
            "nterm": 22,
            "order": 5,
            "path": 114.36414406948076,
            "seclen": 38.65193934947083,
            "volume": 2450.397329185287,
            "xdim": 148.2194,
            "ydim": 187.9829,
            "zdim": 38.40302
        }
    },
    "63.CNG-norm": {
        "dend": {
            "area": 3383.713512750314,
            "breadth": 7,
            "contrac": 0.8725359589842636,
            "degree": 2,
            "diam": 0.41000000000000003,
            "dist": 98.03967455445016,
            "length": 1594.2500215725927,
            "nbranch": 16,
            "nstem": 7,
            "nterm": 23,
            "order": 5,
            "path": 111.40704561259001,
            "seclen": 40.87820568134853,
            "volume": 2474.3270785387117,
            "xdim": 182.3311,
            "ydim": 171.0032,
            "zdim": 41.53654
        }
    },
    "64.CNG-norm": {
        "dend": {
            "area": 4612.928977947781,
            "breadth": 18,
            "contrac": 0.8875236534259924,
            "degree": 2,
            "diam": 0.41000000000000003,
            "dist": 109.88493777729502,
            "length": 2957.65298999423,
            "nbranch": 42,
            "nstem": 5,
            "nterm": 47,
            "order": 9,
            "path": 145.54551777057594,
            "seclen": 33.232056067350904,
            "volume": 1666.350829843245,
            "xdim": 188.2914,
            "ydim": 191.3246,
            "zdim": 46.29949
        }
    },
    "65.CNG-norm": {
        "dend": {
            "area": 2585.2235648780697,
            "breadth": 10,
            "contrac": 0.8618049588809336,
            "degree": 2,
            "diam": 0.41,
            "dist": 106.66858500401449,
            "length": 1422.6432949168504,
            "nbranch": 20,
            "nstem": 5,
            "nterm": 25,
            "order": 7,
            "path": 119.291479585987,
            "seclen": 31.614295442596678,
            "volume": 1344.3054241484247,
            "xdim": 153.46280000000002,
            "ydim": 189.6472,
            "zdim": 37.1626
        }
    },
    "66.CNG-norm": {
        "dend": {
            "area": 2624.8261008822496,
            "breadth": 7,
            "contrac": 0.8626609792482225,
            "degree": 2,
            "diam": 0.41000000000000003,
            "dist": 101.85090373231844,
            "length": 1099.7371103944813,
            "nbranch": 15,
            "nstem": 5,
            "nterm": 20,
            "order": 5,
            "path": 113.08680524138148,
            "seclen": 31.42106029698518,
            "volume": 2481.578820704329,
            "xdim": 98.2127,
            "ydim": 186.1397,
            "zdim": 35.81624
        }
    },
    "67.CNG-norm": {
        "dend": {
            "area": 4106.050493805477,
            "breadth": 7,
            "contrac": 0.8806533269083971,
            "degree": 2,
            "diam": 0.41,
            "dist": 103.6721742506638,
            "length": 1873.4001312884734,
            "nbranch": 22,
            "nstem": 7,
            "nterm": 29,
            "order": 5,
            "path": 119.20082520923593,
            "seclen": 36.733335907617125,
            "volume": 3480.7658768566494,
            "xdim": 132.57229999999998,
            "ydim": 187.619,
            "zdim": 52.90249
        }
    },
    "68.CNG-norm": {
        "dend": {
            "area": 3226.123443461293,
            "breadth": 8,
            "contrac": 0.8887635719230318,
            "degree": 2,
            "diam": 0.41000000000000003,
            "dist": 112.47806121127844,
            "length": 1456.6485787956192,
            "nbranch": 23,
            "nstem": 6,
            "nterm": 29,
            "order": 5,
            "path": 121.91534898294084,
            "seclen": 28.012472669146522,
            "volume": 2705.6819077996297,
            "xdim": 113.5361,
            "ydim": 187.5163,
            "zdim": 34.72443
        }
    },
    "69.CNG-norm": {
        "dend": {
            "area": 3529.058238515758,
            "breadth": 12,
            "contrac": 0.8741870308733966,
            "degree": 2,
            "diam": 0.41000000000000003,
            "dist": 101.50805416259588,
            "length": 1999.5724389015666,
            "nbranch": 29,
            "nstem": 5,
            "nterm": 34,
            "order": 8,
            "path": 113.65472344934594,
            "seclen": 31.739245061929626,
            "volume": 1869.188602694894,
            "xdim": 146.48899999999998,
            "ydim": 192.335,
            "zdim": 48.37663
        }
    },
    "70.CNG-norm": {
        "dend": {
            "area": 2379.4768035261545,
            "breadth": 6,
            "contrac": 0.8474665623204534,
            "degree": 2,
            "diam": 0.41000000000000003,
            "dist": 98.41224985777127,
            "length": 1192.7113376529949,
            "nbranch": 12,
            "nstem": 5,
            "nterm": 17,
            "order": 5,
            "path": 120.26507218794423,
            "seclen": 41.1279771604481,
            "volume": 1516.5610685666184,
            "xdim": 135.2346,
            "ydim": 178.6406,
            "zdim": 39.3569
        }
    },
    "71.CNG-norm": {
        "dend": {
            "area": 3846.171010126354,
            "breadth": 13,
            "contrac": 0.8703769148218096,
            "degree": 2,
            "diam": 0.41000000000000003,
            "dist": 104.65250297253478,
            "length": 2089.6602676473276,
            "nbranch": 28,
            "nstem": 6,
            "nterm": 34,
            "order": 6,
            "path": 129.9618135847302,
            "seclen": 33.704197865279475,
            "volume": 2223.6818902099085,
            "xdim": 166.60750000000002,
            "ydim": 195.4686,
            "zdim": 50.0359
        }
    },
    "72.CNG-norm": {
        "dend": {
            "area": 2152.6564068018297,
            "breadth": 6,
            "contrac": 0.8573161868319538,
            "degree": 2,
            "diam": 0.41000000000000003,
            "dist": 104.07864952361749,
            "length": 1168.7015860422734,
            "nbranch": 16,
            "nstem": 4,
            "nterm": 20,
            "order": 4,
            "path": 122.74692999902763,
            "seclen": 32.46393294561871,
            "volume": 1186.0157499013314,
            "xdim": 158.5524,
            "ydim": 183.83120000000002,
            "zdim": 44.36814
        }
    },
    "73.CNG-norm": {
        "dend": {
            "area": 2464.820819552875,
            "breadth": 10,
            "contrac": 0.8592791844643763,
            "degree": 2,
            "diam": 0.41000000000000003,
            "dist": 99.48890469287969,
            "length": 1344.1499091932321,
            "nbranch": 14,
            "nstem": 5,
            "nterm": 19,
            "order": 5,
            "path": 125.8553847284566,
            "seclen": 40.731815430097946,