{
    "31.CNG-norm": {
        "dend": {
            "area": 6887.785801818553,
            "breadth": 13,
            "contrac": 0.9096407714722922,
            "degree": 2,
            "diam": 0.8200000000000001,
            "dist": 127.51854429574587,
            "length": 2114.4119925102345,
            "nbranch": 32,
            "nstem": 5,
            "nterm": 37,
            "order": 8,
            "path": 138.67415673902684,
            "seclen": 30.643652065365718,
            "volume": 4178.413869007879,
            "xdim": 198.69510000000002,
            "ydim": 221.89100000000002,
            "zdim": 38.18342
        }
    },
    "32.CNG-norm": {
        "dend": {
            "area": 6112.504318434289,
            "breadth": 11,
            "contrac": 0.9134120709471406,
            "degree": 2,
            "diam": 0.82,
            "dist": 109.68356351053197,
            "length": 1879.9391811771477,
            "nbranch": 23,
            "nstem": 5,
            "nterm": 28,
            "order": 6,
            "path": 121.95360065082448,
            "seclen": 36.86155257210093,
            "volume": 3659.0944913470203,
            "xdim": 167.36430000000001,
            "ydim": 173.3473,
            "zdim": 35.73561
        }
    },
    "33.CNG-norm": {
        "dend": {
            "area": 4836.621493234243,
            "breadth": 11,
            "contrac": 0.8968654322702049,
            "degree": 2,
            "diam": 0.41000000000000003,
            "dist": 120.94941234102792,
            "length": 2540.196568676814,
            "nbranch": 32,
            "nstem": 5,
            "nterm": 37,
            "order": 8,
            "path": 151.02902234059667,
            "seclen": 36.81444302430165,
            "volume": 3676.4440025531508,
            "xdim": 173.7241,
            "ydim": 215.965,
            "zdim": 43.378109
        }
    },
    "34.CNG-norm": {
        "dend": {
            "area": 6278.515968443068,
            "breadth": 14,
            "contrac": 0.8999303020715929,
            "degree": 2,
            "diam": 0.8200000000000001,
            "dist": 135.61448147026923,
            "length": 2014.491925015461,
            "nbranch": 30,
            "nstem": 5,
            "nterm": 35,
            "order": 8,
            "path": 166.18790715932923,
            "seclen": 30.992183461776325,
            "volume": 3131.447142756434,
            "xdim": 194.68110000000001,
            "ydim": 249.911,
            "zdim": 36.814042
        }
    },
    "35.CNG-norm": {
        "dend": {
            "area": 7571.237848186445,
            "breadth": 8,
            "contrac": 0.8950833293229383,
            "degree": 2,
            "diam": 0.8200000000000001,
            "dist": 115.0020440676008,
            "length": 2220.8409636090673,
            "nbranch": 28,
            "nstem": 5,
            "nterm": 33,
            "order": 6,
            "path": 131.0863635291968,
            "seclen": 36.40722891162405,
            "volume": 5685.848656884498,
            "xdim": 169.4964,
            "ydim": 217.956,
            "zdim": 35.514982999999994
        }
    },
    "36.CNG-norm": {
        "dend": {
            "area": 7215.555934101999,
            "breadth": 7,
            "contrac": 0.8852092448572895,
            "degree": 2,
            "diam": 0.8200000000000001,
            "dist": 109.71044301113227,
            "length": 2106.3207791202,
            "nbranch": 24,
            "nstem": 7,
            "nterm": 31,
            "order": 5,
            "path": 114.94022937575572,
            "seclen": 38.29674143854909,
            "volume": 4792.473627532893,
            "xdim": 162.3706,
            "ydim": 205.64600000000002,
            "zdim": 55.98614
        }
    },
    "37.CNG-norm": {
        "dend": {
            "area": 6634.6806387447705,
            "breadth": 12,
            "contrac": 0.8722901458016221,
            "degree": 2,
            "diam": 0.8200000000000001,
            "dist": 106.33586171649196,
            "length": 2185.2661379078636,
            "nbranch": 30,
            "nstem": 4,
            "nterm": 34,
            "order": 6,
            "path": 127.26985292702862,
            "seclen": 34.14478340481037,
            "volume": 3235.1510239178215,
            "xdim": 191.82229999999998,
            "ydim": 165.49259999999998,
            "zdim": 53.63071
        }
    },
    "38.CNG-norm": {
        "dend": {
            "area": 7007.70524974233,
            "breadth": 10,
            "contrac": 0.8813939474411918,
            "degree": 2,
            "diam": 0.8200000000000001,
            "dist": 109.52021449035607,
            "length": 2204.091486752279,
            "nbranch": 30,
            "nstem": 6,
            "nterm": 36,
            "order": 7,
            "path": 130.67413366350218,
            "seclen": 33.39532555685271,
            "volume": 3759.0777176078927,
            "xdim": 159.9391,
            "ydim": 169.122,
            "zdim": 50.17854
        }
    },
    "39.CNG-norm": {
        "dend": {
            "area": 6074.552596265847,
            "breadth": 10,
            "contrac": 0.8681503073082328,
            "degree": 2,
            "diam": 0.82,
            "dist": 113.55020330466168,
            "length": 1843.7610098045993,
            "nbranch": 22,
            "nstem": 5,
            "nterm": 27,
            "order": 6,
            "path": 140.44016589990736,
            "seclen": 37.627775710297946,
            "volume": 3757.964949861546,
            "xdim": 176.4564,
            "ydim": 173.4823,
            "zdim": 62.3388
        }
    },
    "40.CNG-norm": {
        "dend": {
            "area": 7538.733939084731,
            "breadth": 8,
            "contrac": 0.8613232611241484,
            "degree": 2,
            "diam": 0.8200000000000001,
            "dist": 114.90185820203257,
            "length": 2378.558040884772,
            "nbranch": 30,
            "nstem": 5,
            "nterm": 35,
            "order": 5,
            "path": 145.24829109978722,
            "seclen": 36.59320062899649,
            "volume": 4235.531183490392,
            "xdim": 196.7194,
            "ydim": 197.8749,
            "zdim": 49.213269999999994
        }
    },
    "41.CNG-norm": {
        "dend": {
            "area": 6820.74138338573,
            "breadth": 10,
            "contrac": 0.886296365835288,
            "degree": 2,
            "diam": 0.8200000000000001,
            "dist": 113.2364942218051,
            "length": 2109.767832745215,
            "nbranch": 28,
            "nstem": 6,
            "nterm": 34,
            "order": 6,
            "path": 119.36638479197265,
            "seclen": 34.028513431374435,
            "volume": 3797.5360878623574,
            "xdim": 173.5337,
            "ydim": 171.59890000000001,
            "zdim": 50.97485
        }
    },
    "42.CNG-norm": {
        "dend": {
            "area": 7143.942647686271,
            "breadth": 10,
            "contrac": 0.8825290604207287,
            "degree": 2,
            "diam": 0.8200000000000001,
            "dist": 111.84694190642855,
            "length": 2242.9848810325457,
            "nbranch": 31,
            "nstem": 6,
            "nterm": 37,
            "order": 6,
            "path": 128.43386479021194,
            "seclen": 32.985071779890376,
            "volume": 3883.4678604086134,
            "xdim": 159.8312,
            "ydim": 206.9592,
            "zdim": 48.04844
        }
    },
    "43.CNG-norm": {
        "dend": {
            "area": 7524.070181441626,
            "breadth": 9,
            "contrac": 0.866824351241877,
            "degree": 2,
            "diam": 0.8200000000000001,
            "dist": 112.56781561818636,
            "length": 2320.145821376605,
            "nbranch": 30,
            "nstem": 6,
            "nterm": 36,
            "order": 6,
            "path": 127.43874707587966,