{
    "ad_idhigh": 0.0020527408475017493,
    "ad_idlow": 0.118564779987759,
    "ad_idmid": 0.014982686350306784,
    "ahp_depth": 29.810400655681168,
    "ahp_depth_abs": -58.52842572512511,
    "ahp_depth_abs_slow": -59.36972701285275,
    "ahp_min_voltage": -59.57621769782567,
    "ahp_slow_time": 0.16081927324796993,
    "ahp_time_from_peak": 1.7688796680484913,
    "ap_amplitude": 65.97432571276522,
    "ap_avg_thresh": -45.9173767660372,
    "ap_delay_idhigh": 86.30000000011023,
    "ap_delay_idlow": 426.40000000007103,
    "ap_delay_idmid": 176.40000000013072,
    "ap_fall_rate": -48.96057547177966,
    "ap_half_width": 0.8537431485523508,
    "ap_peak": 20.056948946728028,
    "ap_rise_rate": 107.97382456107673,
    "ap_threshold": -46.13119999337606,
    "fi_1st_fitbaserate": 4.582935081741994,
    "fi_1st_fitslope": 0.0838550042704034,
    "fi_1st_minstim": 444.74198709935496,
    "fi_1st_rate_idhigh": 16.286644951136363,
    "fi_1st_rate_idlow": 4.310344827590127,
    "fi_1st_rate_idmid": 8.928571428569398,
    "fi_avg_fitbaserate": 3.507463212586625,
    "fi_avg_fitslope": 0.07160255201863601,
    "fi_avg_minstim": 444.74198709935496,
    "fi_avg_rate_idhigh": 13.358680573404675,
    "fi_avg_rate_idlow": 2.6935301406040573,
    "fi_avg_rate_idmid": 6.842105263162465,
    "fi_rheobase": 444.74198709935496,
    "ir_depol": 160.89412722262122,
    "ir_fitmax": 157.26807948830228,
    "ir_fitmin": 19.460346108286373,
    "ir_fitrest": 30.732074607267975,
    "ir_hyperpol": 12.776514955274388,
    "ir_rest": 35.92151301251538,
    "tau_delta": 5.819928795483811,
    "tau_depol": 22.40737440975245,
    "tau_hyperpol": 3.1687149103525734,
    "tau_rest": 6.906774401792895,
    "vm_rest": -91.80234935016234
}