{
    "ad_idhigh": -0.000766586721885556,
    "ad_idlow": -0.0050578034682080926,
    "ad_idmid": -0.005097218790293058,
    "ahp_depth": 26.297503284723522,
    "ahp_depth_abs": -61.04954779004462,
    "ahp_depth_abs_slow": -60.93806917973651,
    "ahp_min_voltage": -61.17428648531175,
    "ahp_slow_time": 0.1819658102901846,
    "ahp_time_from_peak": 2.0991967871469517,
    "ap_amplitude": 74.33317141575641,
    "ap_avg_thresh": -49.908472291363054,
    "ap_delay_idhigh": 55.60000000010325,
    "ap_delay_idlow": 1137.2999999994245,
    "ap_delay_idmid": 203.1000000001368,
    "ap_fall_rate": -46.720584809942515,
    "ap_half_width": 0.8690155219176862,
    "ap_peak": 24.422411029089325,
    "ap_rise_rate": 130.3508883415254,
    "ap_threshold": -53.07499999907209,
    "fi_1st_fitbaserate": 3.7866517071963415,
    "fi_1st_fitslope": 0.09841342671449117,
    "fi_1st_minstim": 605.9492974648732,
    "fi_1st_rate_idhigh": 24.449877750605687,
    "fi_1st_rate_idlow": 3.3123550844680674,
    "fi_1st_rate_idmid": 8.779631255485274,
    "fi_avg_fitbaserate": 3.3735000068653136,
    "fi_avg_fitslope": 0.12154534087171828,
    "fi_avg_minstim": 605.9492974648732,
    "fi_avg_rate_idhigh": 29.502950295049565,
    "fi_avg_rate_idlow": 2.0072260136505005,
    "fi_avg_rate_idmid": 10.350895352454943,
    "fi_rheobase": 605.9492974648732,
    "ir_depol": 104.09393728535053,
    "ir_fitmax": 115.63920388483076,
    "ir_fitmin": 25.44211556538793,
    "ir_fitrest": 30.51627403991723,
    "ir_hyperpol": 17.446247133992756,
    "ir_rest": 36.76339894753383,
    "tau_delta": 4.85818265763959,
    "tau_depol": 14.241610943486561,
    "tau_hyperpol": 1.4891528705812316,
    "tau_rest": 6.020702079914681,
    "vm_rest": -95.83190973004508
}