{
    "IV_499": {
        "soma": {
            "Spikecount": [
                0.0,
                0.001
            ],
            "decay_time_constant_after_stim": [
                5.5385,
                0.9650158317642025
            ],
            "voltage_deflection": [
                -22.5963,
                0.2704933763822468
            ]
        }
    },
    "IV_502": {
        "soma": {
            "Spikecount": [
                0.0,
                0.001
            ],
            "decay_time_constant_after_stim": [
                6.0273,
                0.9650158317642025
            ],
            "voltage_deflection": [
                -11.9534,
                0.2704933763822468
            ]
        }
    },
    "IDthresh-sub_541": {
        "soma": {
            "Spikecount": [
                0.0,
                0.001
            ],
            "decay_time_constant_after_stim": [
                8.8778,
                0.9650158317642025
            ],
            "voltage_base": [
                -80.321,
                1.657579650172703
            ],
            "voltage_deflection": [
                25.4072,
                0.2704933763822468
            ],
            "voltage_deflection_begin": [
                23.7878,
                0.2704933763822468
            ],
            "voltage_deflection_vb_ssse": [
                25.16,
                0.2704933763822468
            ]
        }
    },
    "IDthresh_543": {
        "soma": {
            "AHP_depth_abs": [
                -57.2589,
                0.8746
            ],
            "AHP_slow_time": [
                0.0732,
                0.0297
            ],
            "mean_frequency": [
                4.8571,
                0.24
            ],
            "min_voltage_between_spikes": [
                -58.3844,
                0.6092
            ],
            "peak_voltage": [
                25.2045,
                0.1545
            ],
            "time_to_first_spike": [
                246.2,
                12.31
            ],
            "voltage_base": [
                -80.802,
                1.657579650172703
            ]
        }
    },
    "IDthresh_544": {
        "soma": {
            "AHP_depth_abs": [
                -56.4682,
                0.8225
            ],
            "AHP_slow_time": [
                0.0895,
                0.0304
            ],
            "mean_frequency": [
                6.0582,
                0.3029
            ],
            "min_voltage_between_spikes": [
                -57.4011,
                0.5057
            ],
            "peak_voltage": [
                25.2781,
                0.2431
            ],
            "time_to_first_spike": [
                124.9,
                6.25
            ],
            "voltage_base": [
                -80.507,
                1.657579650172703
            ]
        }
    },
    "IDthresh_553": {
        "soma": {
            "AHP_depth_abs": [
                -53.6385,
                0.9675
            ],
            "AHP_slow_time": [
                0.2532,
                0.0317
            ],
            "mean_frequency": [
                23.2994,
                1.16
            ],
            "min_voltage_between_spikes": [
                -54.2887,
                0.8721
            ],
            "peak_voltage": [
                22.9295,
                0.2819
            ],
            "time_to_first_spike": [
                35.5,
                1.75
            ],
            "voltage_base": [
                -80.5384,
                1.657579650172703
            ]
        }
    }
}
