{
    "IV_499": {
        "soma": {
            "Spikecount": [
                0.0,
                0.001
            ],
            "decay_time_constant_after_stim": [
                5.5385,
                0.9650158317642025
            ],
            "voltage_base": [
                -83.9527,
                1.657579650172703
            ],
            "voltage_deflection": [
                -22.5963,
                0.2704933763822468
            ]
        }
    },
    "IV_502": {
        "soma": {
            "Spikecount": [
                0.0,
                0.001
            ],
            "decay_time_constant_after_stim": [
                6.0273,
                0.9650158317642025
            ],
            "voltage_base": [
                -84.1353,
                1.657579650172703
            ],
            "voltage_deflection": [
                -11.9534,
                0.2704933763822468
            ]
        }
    },
    "IDthresh-sub_541": {
        "soma": {
            "Spikecount": [
                0.0,
                0.001
            ],
            "decay_time_constant_after_stim": [
                8.8778,
                0.9650158317642025
            ],
            "voltage_base": [
                -80.321,
                1.657579650172703
            ],
            "voltage_deflection": [
                25.4072,
                0.2704933763822468
            ],
            "voltage_deflection_begin": [
                23.7878,
                0.2704933763822468
            ],
            "voltage_deflection_vb_ssse": [
                25.16,
                0.2704933763822468
            ]
        }
    },
    "IDthresh_543": {
        "soma": {
            "AHP_depth": [
                23.5431,
                0.8746
            ],
            "AHP_slow_time": [
                0.0732,
                0.0297
            ],
            "AP_amplitude": [
                76.2062,
                1.0
            ],
            "AP_begin_voltage": [
                -51.0018,
                1.0
            ],
            "mean_frequency": [
                4.8571,
                0.24
            ],
            "time_to_first_spike": [
                246.2,
                12.31
            ],
            "voltage_base": [
                -80.802,
                1.657579650172703
            ]
        }
    },
    "IDthresh_544": {
        "soma": {
            "AHP_depth": [
                24.0388,
                0.8225
            ],
            "AHP_slow_time": [
                0.0895,
                0.0304
            ],
            "AP_amplitude": [
                70.662,
                1.0074
            ],
            "AP_begin_voltage": [
                -45.3839,
                1.0974
            ],
            "mean_frequency": [
                6.0582,
                0.3029
            ],
            "time_to_first_spike": [
                124.9,
                6.25
            ],
            "voltage_base": [
                -80.507,
                1.657579650172703
            ]
        }
    },
    "IDthresh_553": {
        "soma": {
            "AHP_depth": [
                26.8999,
                0.9675
            ],
            "AHP_slow_time": [
                0.2532,
                0.0317
            ],
            "AP_amplitude": [
                67.8895,
                5.4283
            ],
            "AP_begin_voltage": [
                -44.96,
                5.3805
            ],
            "mean_frequency": [
                23.2994,
                1.16
            ],
            "time_to_first_spike": [
                35.5,
                1.75
            ],
            "voltage_base": [
                -80.5384,
                1.657579650172703
            ]
        }
    }
}
