{
    "IV_356": {
        "soma": {
            "Spikecount": [
                0.0,
                0.001
            ],
            "decay_time_constant_after_stim": [
                4.9643,
                0.770216419802469
            ],
            "voltage_base": [
                -87.7139,
                0.16439071006463554
            ],
            "voltage_deflection": [
                -9.3212,
                0.9321
            ]
        }
    },
    "IV_364": {
        "soma": {
            "Spikecount": [
                0.0,
                0.001
            ],
            "decay_time_constant_after_stim": [
                10.1433,
                2.0454671837993397
            ],
            "voltage_base": [
                -87.9733,
                0.16439071006463554
            ],
            "voltage_deflection": [
                13.0245,
                1.3024
            ],
            "voltage_deflection_begin": [
                12.8312,
                1.2831
            ],
            "voltage_deflection_vb_ssse": [
                13.0334,
                1.3033
            ]
        }
    },
    "IDthresh-sub_398": {
        "soma": {
            "Spikecount": [
                0.0,
                0.001
            ],
            "decay_time_constant_after_stim": [
                15.0273,
                2.0454671837993397
            ],
            "voltage_base": [
                -87.8842,
                0.16439071006463554
            ],
            "voltage_deflection": [
                29.2554,
                2.9255
            ],
            "voltage_deflection_begin": [
                28.1943,
                2.8194
            ],
            "voltage_deflection_vb_ssse": [
                29.7387,
                2.9739
            ]
        }
    },
    "IDthresh_400": {
        "soma": {
            "AHP_depth_abs": [
                -59.8765,
                1.0871
            ],
            "mean_frequency": [
                4.4192,
                0.4419
            ],
            "min_voltage_between_spikes": [
                -62.0375,
                0.5997
            ],
            "peak_voltage": [
                23.7016,
                1.3021
            ],
            "spike_half_width": [
                0.8421,
                0.08421
            ],
            "time_to_first_spike": [
                245.0,
                24.5
            ],
            "voltage_base": [
                -88.0408,
                0.16439071006463554
            ]
        }
    },
    "IDthresh_402": {
        "soma": {
            "AHP_depth_abs": [
                -59.6948,
                1.1218
            ],
            "mean_frequency": [
                6.0241,
                0.6024
            ],
            "min_voltage_between_spikes": [
                -61.1318,
                0.7293
            ],
            "peak_voltage": [
                22.4172,
                1.7289
            ],
            "spike_half_width": [
                0.8383,
                0.08383
            ],
            "time_to_first_spike": [
                204.7,
                20.47
            ],
            "voltage_base": [
                -88.1109,
                0.16439071006463554
            ]
        }
    },
    "IDthresh_410": {
        "soma": {
            "AHP_depth_abs": [
                -58.0344,
                1.3498
            ],
            "mean_frequency": [
                10.3311,
                0.5
            ],
            "min_voltage_between_spikes": [
                -58.996,
                1.0108
            ],
            "peak_voltage": [
                19.1134,
                1.9511
            ],
            "spike_half_width": [
                0.8562,
                0.08562
            ],
            "time_to_first_spike": [
                119.5,
                11.95
            ],
            "voltage_base": [
                -88.4817,
                0.16439071006463554
            ]
        }
    }
}
