{
    "ad_idhigh": 0.0007010156729855375,
    "ad_idlow": -0.013875132652780803,
    "ad_idmid": -0.0015877827230627213,
    "ahp_depth": 29.763150010250605,
    "ahp_depth_abs": -60.606677777111045,
    "ahp_depth_abs_slow": -61.895502844692494,
    "ahp_min_voltage": -62.01969219494721,
    "ahp_slow_time": 0.33277834088288916,
    "ahp_time_from_peak": 2.1094315245462063,
    "ap_amplitude": 75.80993396678132,
    "ap_avg_thresh": -55.30890852921226,
    "ap_delay_idhigh": 44.400000000100704,
    "ap_delay_idlow": 679.9999999998404,
    "ap_delay_idmid": 167.30000000012865,
    "ap_fall_rate": -36.25541435425829,
    "ap_half_width": 0.9500628216465175,
    "ap_peak": 20.501025437569066,
    "ap_rise_rate": 91.52712350108078,
    "ap_threshold": -56.656199991697385,
    "fi_1st_fitbaserate": 4.836625030618606,
    "fi_1st_fitslope": 0.1761914768731565,
    "fi_1st_minstim": 475.4199272463623,
    "fi_1st_rate_idhigh": 37.593984962397464,
    "fi_1st_rate_idlow": 3.3344448149413455,
    "fi_1st_rate_idmid": 13.495276653168322,
    "fi_avg_fitbaserate": 5.281041848217015,
    "fi_avg_fitslope": 0.17133115570279886,
    "fi_avg_minstim": 475.4199272463623,
    "fi_avg_rate_idhigh": 36.15002259378867,
    "fi_avg_rate_idlow": 2.54660283182407,
    "fi_avg_rate_idmid": 13.9520463001334,
    "fi_rheobase": 475.4199272463623,
    "ir_depol": 91.22444797188604,
    "ir_fitmax": 103.58976218903962,
    "ir_fitmin": 14.379175748762615,
    "ir_fitrest": 27.002467445035588,
    "ir_hyperpol": 10.35934731671276,
    "ir_rest": 28.438072683077042,
    "tau_delta": 5.305383618189545,
    "tau_depol": 12.833644056248001,
    "tau_hyperpol": 6.43754283202749,
    "tau_rest": 6.45611420501436,
    "vm_rest": -89.5849315424484
}