{
    "AB5_porta80A_cel14-cor-sli": {
        "dend": {
            "area": 12400.13530162454,
            "breadth": 10,
            "contrac": 0.9514901847243155,
            "degree": 2,
            "diam": 1.673463052996106,
            "dist": 254.9009460359063,
            "length": 3274.7571531932463,
            "nbranch": 20,
            "nstem": 4,
            "nterm": 24,
            "order": 7,
            "path": 272.20377606906135,
            "seclen": 74.42629893621015,
            "volume": 8360.357390097366,
            "xdim": 458.35,
            "ydim": 301.73,
            "zdim": 130.92
        }
    }
}