{
    "AB5_porta77_cel3-cor-sli": {
        "dend": {
            "area": 9864.83845664925,
            "breadth": 9,
            "contrac": 0.9217051320709941,
            "degree": 2,
            "diam": 1.3971468340014648,
            "dist": 246.09143181673352,
            "length": 2791.315350653947,
            "nbranch": 13,
            "nstem": 4,
            "nterm": 17,
            "order": 6,
            "path": 293.88189472471015,
            "seclen": 93.04384502179823,
            "volume": 5698.873633132348,
            "xdim": 235.1301,
            "ydim": 330.96000000000004,
            "zdim": 243.98
        }
    }
}