{
    "AB5_porta80A_cel15-cor-sli": {
        "dend": {
            "area": 14645.840277298119,
            "breadth": 10,
            "contrac": 0.9368817602049055,
            "degree": 2,
            "diam": 1.5296854226255006,
            "dist": 273.675570747555,
            "length": 3746.2874878792104,
            "nbranch": 20,
            "nstem": 5,
            "nterm": 25,
            "order": 7,
            "path": 300.2120650878201,
            "seclen": 83.25083306398245,
            "volume": 10551.475653628426,
            "xdim": 454.49,
            "ydim": 385.64,
            "zdim": 131.57
        }
    }
}