{
    "AB5_porta76_cel2-cor-sli": {
        "dend": {
            "area": 13949.046014598483,
            "breadth": 25,
            "contrac": 0.9334929776056455,
            "degree": 2,
            "diam": 1.4088362412940025,
            "dist": 250.71380403160893,
            "length": 4082.167126410874,
            "nbranch": 24,
            "nstem": 2,
            "nterm": 26,
            "order": 8,
            "path": 291.32248041300494,
            "seclen": 81.64334252821749,
            "volume": 5925.463365381973,
            "xdim": 343.08000000000004,
            "ydim": 376.25,
            "zdim": 235.58
        }
    }
}