{
    "AB5_porta80A_cel11-cor-sli": {
        "dend": {
            "area": 12536.808623161023,
            "breadth": 16,
            "contrac": 0.9513731056976692,
            "degree": 2,
            "diam": 1.461259827400018,
            "dist": 246.8811605631341,
            "length": 3629.2741628880067,
            "nbranch": 19,
            "nstem": 3,
            "nterm": 22,
            "order": 8,
            "path": 275.68167175304075,
            "seclen": 88.5188820216587,
            "volume": 6446.02457650649,
            "xdim": 377.77,
            "ydim": 379.37,
            "zdim": 120.10000000000001
        }
    }
}