{
    "AB5_porta80A_cel12-cor-sli": {
        "dend": {
            "area": 14725.85503605192,
            "breadth": 9,
            "contrac": 0.943688513210187,
            "degree": 2,
            "diam": 1.609829499090528,
            "dist": 283.98502665457556,
            "length": 3726.5435254429344,
            "nbranch": 19,
            "nstem": 5,
            "nterm": 24,
            "order": 7,
            "path": 309.46787233232016,
            "seclen": 86.66380291727755,
            "volume": 9526.599833932813,
            "xdim": 488.24,
            "ydim": 359.73,
            "zdim": 117.85
        }
    }
}