{
    "AB5_porta80A_cel16-cor-sli": {
        "dend": {
            "area": 7263.907103907266,
            "breadth": 8,
            "contrac": 0.9224242577242148,
            "degree": 2,
            "diam": 1.3643899281146838,
            "dist": 284.66382077109836,
            "length": 1906.8958696403274,
            "nbranch": 7,
            "nstem": 2,
            "nterm": 9,
            "order": 5,
            "path": 324.5470393910757,
            "seclen": 119.18099185252046,
            "volume": 3762.1010166118276,
            "xdim": 401.961,
            "ydim": 342.62,
            "zdim": 135.72
        }
    }
}