{
    "AB5_porta76_cel1-cor-sli": {
        "dend": {
            "area": 9108.22389611018,
            "breadth": 7,
            "contrac": 0.9096836474415982,
            "degree": 2,
            "diam": 1.7168392628609421,
            "dist": 237.48492267931454,
            "length": 2640.2305255652354,
            "nbranch": 11,
            "nstem": 2,
            "nterm": 13,
            "order": 5,
            "path": 291.346780730257,
            "seclen": 110.0096052318848,
            "volume": 3977.6852689337125,
            "xdim": 414.81,
            "ydim": 424.49,
            "zdim": 221.25
        }
    }
}