{
    "AB5_porta76_cel4-cor-sli": {
        "dend": {
            "area": 13954.505037543002,
            "breadth": 7,
            "contrac": 0.9360438497769524,
            "degree": 2,
            "diam": 1.285458814716362,
            "dist": 266.9887117557594,
            "length": 3594.7354462343073,
            "nbranch": 16,
            "nstem": 6,
            "nterm": 22,
            "order": 5,
            "path": 306.5968693658285,
            "seclen": 94.59830121669229,
            "volume": 9796.29319089133,
            "xdim": 408.17,
            "ydim": 460.44,
            "zdim": 205.85
        }
    }
}