{
    "AB5_porta79_cel1-cor-sli": {
        "dend": {
            "area": 11739.082368770509,
            "breadth": 20,
            "contrac": 0.9409497592280216,
            "degree": 2,
            "diam": 1.2963610139316888,
            "dist": 280.2702009953966,
            "length": 3916.522383563546,
            "nbranch": 23,
            "nstem": 2,
            "nterm": 25,
            "order": 8,
            "path": 314.4829267540289,
            "seclen": 81.59421632424055,
            "volume": 4030.188362305042,
            "xdim": 470.49,
            "ydim": 372.71,
            "zdim": 169.72
        }
    }
}