{
    "AB5_porta76_cel3-cor-sli": {
        "dend": {
            "area": 11220.938018492963,
            "breadth": 6,
            "contrac": 0.9313331676507658,
            "degree": 2,
            "diam": 1.1911620083507124,
            "dist": 255.12040723744542,
            "length": 3301.3578108312668,
            "nbranch": 12,
            "nstem": 4,
            "nterm": 16,
            "order": 5,
            "path": 292.81701064428563,
            "seclen": 117.90563610111667,
            "volume": 5536.260488872526,
            "xdim": 365.48,
            "ydim": 391.83,
            "zdim": 217.35
        }
    }
}