{
    "AB5_porta80A_cel10-cor-sli": {
        "dend": {
            "area": 11982.840284974318,
            "breadth": 5,
            "contrac": 0.9316160296684994,
            "degree": 2,
            "diam": 1.070751567824542,
            "dist": 237.06014632999785,
            "length": 3158.241020780194,
            "nbranch": 17,
            "nstem": 6,
            "nterm": 23,
            "order": 4,
            "path": 259.0344182978361,
            "seclen": 78.95602551950485,
            "volume": 8809.573123264101,
            "xdim": 306.01,
            "ydim": 417.14,
            "zdim": 132.82
        }
    }
}