{
    "AB5_porta80A_cel13-cor-sli": {
        "dend": {
            "area": 12796.080507620361,
            "breadth": 12,
            "contrac": 0.930749112418133,
            "degree": 2,
            "diam": 1.2738771335425674,
            "dist": 214.5913930193846,
            "length": 3610.3005316273657,
            "nbranch": 22,
            "nstem": 4,
            "nterm": 26,
            "order": 8,
            "path": 241.1441048082462,
            "seclen": 75.21459440890345,
            "volume": 7202.858869323449,
            "xdim": 399.45000000000005,
            "ydim": 402.65,
            "zdim": 112.51
        }
    }
}