{
    "AB5_porta76_cel5-cor-sli": {
        "dend": {
            "area": 13102.66643625483,
            "breadth": 8,
            "contrac": 0.897379717948288,
            "degree": 2,
            "diam": 1.1444043459903244,
            "dist": 231.355765906104,
            "length": 3848.2840823307147,
            "nbranch": 18,
            "nstem": 5,
            "nterm": 23,
            "order": 6,
            "path": 288.82434368617305,
            "seclen": 93.86058737391987,
            "volume": 6689.559682569601,
            "xdim": 342.73,
            "ydim": 358.15,
            "zdim": 181.6
        }
    }
}