{
    "AB5_porta79_cel2-cor-sli": {
        "dend": {
            "area": 16023.174304530054,
            "breadth": 18,
            "contrac": 0.9311785724005917,
            "degree": 2,
            "diam": 1.3394007462899973,
            "dist": 221.84096608338595,
            "length": 4724.615088370206,
            "nbranch": 28,
            "nstem": 5,
            "nterm": 33,
            "order": 7,
            "path": 254.3968841754796,
            "seclen": 77.45270636672468,
            "volume": 9038.163315323736,
            "xdim": 299.59000000000003,
            "ydim": 339.65999999999997,
            "zdim": 190.48000000000002
        }
    }
}