{
    "AB5_porta76_cel6-cor-sli": {
        "dend": {
            "area": 15755.927565762837,
            "breadth": 15,
            "contrac": 0.9326769440545238,
            "degree": 2,
            "diam": 1.348643124246953,
            "dist": 252.06513040878937,
            "length": 4204.660132705121,
            "nbranch": 23,
            "nstem": 5,
            "nterm": 28,
            "order": 6,
            "path": 281.8981462037716,
            "seclen": 82.44431632755139,
            "volume": 8254.306030618365,
            "xdim": 329.53,
            "ydim": 327.44,
            "zdim": 219.39000000000001
        }
    }
}