{
    "AB5_porta80A_cel17-cor-sli": {
        "dend": {
            "area": 11719.057958331998,
            "breadth": 13,
            "contrac": 0.9380354419429239,
            "degree": 2,
            "diam": 1.4818950686869432,
            "dist": 298.89021703127054,
            "length": 3274.4073037017706,
            "nbranch": 16,
            "nstem": 3,
            "nterm": 19,
            "order": 7,
            "path": 332.4453698600984,
            "seclen": 93.55449439147917,
            "volume": 5854.886458856816,
            "xdim": 501.71000000000004,
            "ydim": 486.36,
            "zdim": 136.6
        }
    }
}