{
    "AB6_porta25_cel2-cor-sli": {
        "dend": {
            "area": 7099.904466395251,
            "breadth": 8,
            "contrac": 0.956448675004515,
            "degree": 2,
            "diam": 1.3353947050494819,
            "dist": 230.75265016896338,
            "length": 2053.0765771231722,
            "nbranch": 14,
            "nstem": 3,
            "nterm": 17,
            "order": 5,
            "path": 265.5014324658061,
            "seclen": 66.22827668139266,
            "volume": 3391.6434111937365,
            "xdim": 324.84000000000003,
            "ydim": 321.49,
            "zdim": 111.91
        }
    }
}