{
    "AB6_porta31_cel1-cor-sli": {
        "dend": {
            "area": 3476.073808325938,
            "breadth": 6,
            "contrac": 0.9619597932351638,
            "degree": 2,
            "diam": 1.2783086261299996,
            "dist": 174.98210745673398,
            "length": 905.3781498901184,
            "nbranch": 9,
            "nstem": 2,
            "nterm": 11,
            "order": 5,
            "path": 197.32511968862937,
            "seclen": 45.26890749450592,
            "volume": 2613.107153221049,
            "xdim": 129.36,
            "ydim": 158.77,
            "zdim": 169.47
        }
    }
}