{
    "AB6_porta32_cel3-cor-sli": {
        "dend": {
            "area": 1997.8621901713668,
            "breadth": 4,
            "contrac": 0.9197227740610027,
            "degree": 2,
            "diam": 1.0550768348614556,
            "dist": 163.03445619254845,
            "length": 497.8412195139362,
            "nbranch": 4,
            "nstem": 2,
            "nterm": 6,
            "order": 4,
            "path": 177.59735452117604,
            "seclen": 49.78412195139362,
            "volume": 1484.3098516088085,
            "xdim": 28.05,
            "ydim": 191.89,
            "zdim": 100.33
        }
    }
}