{
    "AB6_porta32_cel4-cor-sli": {
        "dend": {
            "area": 7607.936047007762,
            "breadth": 8,
            "contrac": 0.9500102753197124,
            "degree": 2,
            "diam": 1.3711345342138903,
            "dist": 219.7063338640923,
            "length": 1715.712115123323,
            "nbranch": 11,
            "nstem": 4,
            "nterm": 15,
            "order": 5,
            "path": 244.8298621930666,
            "seclen": 65.98892750474319,
            "volume": 5971.541372598522,
            "xdim": 286.14,
            "ydim": 351.31,
            "zdim": 131.46
        }
    }
}