{
    "AB6_porta31_cel2-cor-sli": {
        "dend": {
            "area": 7587.582492396038,
            "breadth": 21,
            "contrac": 0.9361039021278132,
            "degree": 2,
            "diam": 1.1577318539703483,
            "dist": 166.7587086571493,
            "length": 2320.322628867262,
            "nbranch": 22,
            "nstem": 2,
            "nterm": 24,
            "order": 8,
            "path": 189.90673934380735,
            "seclen": 50.44179627972309,
            "volume": 3820.554886839813,
            "xdim": 160.34,
            "ydim": 284.95,
            "zdim": 105.86999999999999
        }
    }
}