{
    "AB6_porta32_cel1-cor-sli": {
        "dend": {
            "area": 6382.698930852681,
            "breadth": 9,
            "contrac": 0.9568690238150189,
            "degree": 2,
            "diam": 1.2358872401784828,
            "dist": 223.5039664927672,
            "length": 1625.9030344083217,
            "nbranch": 11,
            "nstem": 3,
            "nterm": 14,
            "order": 6,
            "path": 254.69123746495902,
            "seclen": 65.03612137633287,
            "volume": 4832.681268731346,
            "xdim": 265.45,
            "ydim": 388.03,
            "zdim": 99.82000000000001
        }
    }
}