{
    "AB6_porta25_cel1-cor-sli": {
        "dend": {
            "area": 6334.80415622544,
            "breadth": 14,
            "contrac": 0.9447353638352632,
            "degree": 2,
            "diam": 1.7442171232406782,
            "dist": 178.55627997357024,
            "length": 1461.2222644201893,
            "nbranch": 13,
            "nstem": 1,
            "nterm": 14,
            "order": 7,
            "path": 265.9270607425048,
            "seclen": 54.11934312667368,
            "volume": 3794.856842373382,
            "xdim": 223.73000000000002,
            "ydim": 195.53,
            "zdim": 125.8
        }
    }
}