{
    "AB6_porta27_cel1-cor-sli": {
        "dend": {
            "area": 6028.974186418348,
            "breadth": 10,
            "contrac": 0.9462277314962181,
            "degree": 2,
            "diam": 1.5273080475202954,
            "dist": 208.41423234750548,
            "length": 1519.7515291926966,
            "nbranch": 13,
            "nstem": 2,
            "nterm": 15,
            "order": 7,
            "path": 257.3370293064455,
            "seclen": 54.27684032831059,
            "volume": 3684.781162272396,
            "xdim": 223.98000000000002,
            "ydim": 322.45,
            "zdim": 125.03
        }
    }
}