{
    "AB6_porta32_cel2-cor-sli": {
        "dend": {
            "area": 8217.902639742162,
            "breadth": 21,
            "contrac": 0.9476600649590852,
            "degree": 2,
            "diam": 1.2772046120510223,
            "dist": 195.55161790432726,
            "length": 2410.100530136364,
            "nbranch": 24,
            "nstem": 2,
            "nterm": 26,
            "order": 9,
            "path": 216.6620444848092,
            "seclen": 48.20201060272728,
            "volume": 3959.8517454946345,
            "xdim": 197.87,
            "ydim": 245.15,
            "zdim": 114.50999999999999
        }
    }
}