{
    "AB6_porta25_cel3-cor-sli": {
        "dend": {
            "area": 6686.757949047212,
            "breadth": 8,
            "contrac": 0.9369954503253121,
            "degree": 2,
            "diam": 1.2474345493150891,
            "dist": 244.2226863028904,
            "length": 1827.6127165261707,
            "nbranch": 14,
            "nstem": 3,
            "nterm": 17,
            "order": 6,
            "path": 280.7970807935272,
            "seclen": 58.955248920199054,
            "volume": 3688.3193706164134,
            "xdim": 368.86,
            "ydim": 222.29999999999998,
            "zdim": 120.99000000000001
        }
    }
}