{
    "IV_546": {
        "soma": {
            "Spikecount": [
                0.0,
                0.1
            ],
            "decay_time_constant_after_stim": [
                2.8369,
                0.6256307927914746
            ],
            "voltage_base": [
                -90.5752,
                0.09759254866820294
            ],
            "voltage_deflection": [
                -15.5091,
                1.5509
            ],
            "voltage_deflection_begin": [
                -15.2025,
                1.5202
            ],
            "voltage_deflection_vb_ssse": [
                -15.4364,
                1.5436
            ]
        }
    },
    "IV_548": {
        "soma": {
            "Spikecount": [
                0.0,
                0.1
            ],
            "decay_time_constant_after_stim": [
                2.9987,
                0.6256307927914746
            ],
            "voltage_base": [
                -90.7549,
                0.09759254866820294
            ],
            "voltage_deflection": [
                -11.8787,
                1.1879
            ],
            "voltage_deflection_begin": [
                -11.8067,
                1.1807
            ],
            "voltage_deflection_vb_ssse": [
                -11.8234,
                1.1823
            ]
        }
    },
    "IV_550": {
        "soma": {
            "Spikecount": [
                0.0,
                0.1
            ],
            "decay_time_constant_after_stim": [
                3.6033,
                0.6256307927914746
            ],
            "voltage_base": [
                -90.8037,
                0.09759254866820294
            ],
            "voltage_deflection": [
                -7.8727,
                0.7873
            ],
            "voltage_deflection_begin": [
                -7.7707,
                0.7771
            ],
            "voltage_deflection_vb_ssse": [
                -7.9199,
                0.792
            ]
        }
    },
    "IV_552": {
        "soma": {
            "Spikecount": [
                0.0,
                0.1
            ],
            "decay_time_constant_after_stim": [
                2.4238,
                0.6256307927914746
            ],
            "voltage_base": [
                -90.933,
                0.09759254866820294
            ],
            "voltage_deflection": [
                -2.9897,
                0.299
            ],
            "voltage_deflection_begin": [
                -2.927,
                0.2927
            ],
            "voltage_deflection_vb_ssse": [
                -2.9395,
                0.294
            ]
        }
    },
    "IV_554": {
        "soma": {
            "Spikecount": [
                0.0,
                0.1
            ],
            "decay_time_constant_after_stim": [
                3.9686,
                0.6256307927914746
            ],
            "voltage_base": [
                -90.8801,
                0.09759254866820294
            ],
            "voltage_deflection": [
                3.5305,
                0.353
            ],
            "voltage_deflection_begin": [
                3.5589,
                0.3559
            ],
            "voltage_deflection_vb_ssse": [
                3.5902,
                0.359
            ]
        }
    },
    "IV_556": {
        "soma": {
            "Spikecount": [
                0.0,
                0.1
            ],
            "decay_time_constant_after_stim": [
                4.1603,
                0.6256307927914746
            ],
            "voltage_base": [
                -90.8194,
                0.09759254866820294
            ],
            "voltage_deflection": [
                13.5946,
                1.3595
            ],
            "voltage_deflection_begin": [
                13.6958,
                1.3696
            ],
            "voltage_deflection_vb_ssse": [
                13.6295,
                1.363
            ]
        }
    }
}
