{
    "IV_546": {
        "soma": {
            "Spikecount": [
                0.0,
                0.001
            ],
            "decay_time_constant_after_stim": [
                2.8369,
                0.6256307927914746
            ],
            "voltage_base": [
                -90.5752,
                0.09759254866820294
            ],
            "voltage_deflection": [
                -15.5091,
                1.5509
            ],
            "voltage_deflection_begin": [
                -15.2025,
                1.5202
            ],
            "voltage_deflection_vb_ssse": [
                -15.4364,
                1.5436
            ]
        }
    },
    "IV_556": {
        "soma": {
            "Spikecount": [
                0.0,
                0.001
            ],
            "decay_time_constant_after_stim": [
                4.1603,
                0.6256307927914746
            ],
            "voltage_base": [
                -90.8194,
                0.09759254866820294
            ],
            "voltage_deflection": [
                13.5946,
                1.3595
            ],
            "voltage_deflection_begin": [
                13.6958,
                1.3696
            ],
            "voltage_deflection_vb_ssse": [
                13.6295,
                1.363
            ]
        }
    },
    "IDthresh-sub_586": {
        "soma": {
            "Spikecount": [
                0.0,
                0.001
            ],
            "decay_time_constant_after_stim": [
                6.2233,
                0.6223
            ],
            "voltage_base": [
                -91.9951,
                2.0
            ],
            "voltage_deflection": [
                31.4726,
                3.1473
            ],
            "voltage_deflection_begin": [
                28.6072,
                2.8607
            ],
            "voltage_deflection_vb_ssse": [
                31.5903,
                3.159
            ]
        }
    },
    "IDthresh_587": {
        "soma": {
            "AHP_depth_abs": [
                -63.2789,
                0.6205
            ],
            "mean_frequency": [
                4.0615,
                0.4062
            ],
            "min_voltage_between_spikes": [
                -64.1875,
                0.3945
            ],
            "peak_voltage": [
                31.6992,
                0.195
            ],
            "spike_half_width": [
                0.9219,
                0.0076
            ],
            "time_to_first_spike": [
                650.6,
                65.06
            ]
        }
    },
    "IDthresh_588": {
        "soma": {
            "AHP_depth_abs": [
                -62.401,
                0.8914
            ],
            "mean_frequency": [
                9.1538,
                0.9154
            ],
            "min_voltage_between_spikes": [
                -63.075,
                0.6783
            ],
            "peak_voltage": [
                31.85,
                0.305
            ],
            "spike_half_width": [
                0.9178,
                0.0097
            ],
            "time_to_first_spike": [
                219.5,
                21.95
            ]
        }
    },
    "IDthresh_598": {
        "soma": {
            "AHP_depth_abs": [
                -56.9419,
                1.5773
            ],
            "mean_frequency": [
                35.6444,
                3.5644
            ],
            "min_voltage_between_spikes": [
                -56.9687,
                1.5724
            ],
            "peak_voltage": [
                28.8144,
                0.709
            ],
            "spike_half_width": [
                0.9575,
                0.0177
            ],
            "time_to_first_spike": [
                51.2,
                5.12
            ]
        }
    }
}
