{
    "dend": {
        "breadth": {
            "mean": 25.0,
            "std": 5.457907265122562
        },
        "diam": {
            "mean": 1.4088362412940025,
            "std": 0.17985293027909735
        },
        "dist": {
            "mean": 250.71380403160893,
            "std": 36.0497574693955
        },
        "length": {
            "mean": 8164.334252821748,
            "std": 4341.666131287879
        },
        "nbranch": {
            "mean": 48.0,
            "std": 22.997823001879738
        },
        "nterm": {
            "mean": 52.0,
            "std": 25.259150646013907
        },
        "order": {
            "mean": 8.0,
            "std": 1.3333333333333333
        },
        "path": {
            "mean": 291.32248041300494,
            "std": 38.8026279625228
        },
        "seclen": {
            "mean": 81.64334252821749,
            "std": 20.22282317327812
        },
        "xdim": {
            "mean": 343.08000000000004,
            "std": 114.07324126816049
        },
        "ydim": {
            "mean": 376.25,
            "std": 79.02891490600672
        },
        "zdim": {
            "mean": 471.16,
            "std": 178.44489794078564
        }
    }
}