{
    "dend": {
        "breadth": {
            "mean": 7.0,
            "std": 5.457907265122562
        },
        "diam": {
            "mean": 1.7168392628609421,
            "std": 0.17985293027909735
        },
        "dist": {
            "mean": 237.48492267931454,
            "std": 36.0497574693955
        },
        "length": {
            "mean": 5280.461051130471,
            "std": 4341.666131287879
        },
        "nbranch": {
            "mean": 22.0,
            "std": 22.997823001879738
        },
        "nterm": {
            "mean": 26.0,
            "std": 25.259150646013907
        },
        "order": {
            "mean": 5.0,
            "std": 1.3333333333333333
        },
        "path": {
            "mean": 291.346780730257,
            "std": 38.8026279625228
        },
        "seclen": {
            "mean": 110.0096052318848,
            "std": 20.22282317327812
        },
        "xdim": {
            "mean": 414.81,
            "std": 114.07324126816049
        },
        "ydim": {
            "mean": 424.49,
            "std": 79.02891490600672
        },
        "zdim": {
            "mean": 442.5,
            "std": 178.44489794078564
        }
    }
}