{
    "dend": {
        "breadth": {
            "mean": 13.0,
            "std": 5.457907265122562
        },
        "diam": {
            "mean": 1.4818950686869432,
            "std": 0.17985293027909735
        },
        "dist": {
            "mean": 298.89021703127054,
            "std": 36.0497574693955
        },
        "length": {
            "mean": 6548.814607403541,
            "std": 4341.666131287879
        },
        "nbranch": {
            "mean": 32.0,
            "std": 22.997823001879738
        },
        "nterm": {
            "mean": 38.0,
            "std": 25.259150646013907
        },
        "order": {
            "mean": 7.0,
            "std": 1.3333333333333333
        },
        "path": {
            "mean": 332.4453698600984,
            "std": 38.8026279625228
        },
        "seclen": {
            "mean": 93.55449439147917,
            "std": 20.22282317327812
        },
        "xdim": {
            "mean": 501.71000000000004,
            "std": 114.07324126816049
        },
        "ydim": {
            "mean": 486.36,
            "std": 79.02891490600672
        },
        "zdim": {
            "mean": 273.2,
            "std": 178.44489794078564
        }
    }
}