{
    "dend": {
        "breadth": {
            "mean": 10.0,
            "std": 5.457907265122562
        },
        "diam": {
            "mean": 1.5296854226255006,
            "std": 0.17985293027909735
        },
        "dist": {
            "mean": 273.675570747555,
            "std": 36.0497574693955
        },
        "length": {
            "mean": 7492.574975758421,
            "std": 4341.666131287879
        },
        "nbranch": {
            "mean": 40.0,
            "std": 22.997823001879738
        },
        "nterm": {
            "mean": 50.0,
            "std": 25.259150646013907
        },
        "order": {
            "mean": 7.0,
            "std": 1.3333333333333333
        },
        "path": {
            "mean": 300.2120650878201,
            "std": 38.8026279625228
        },
        "seclen": {
            "mean": 83.25083306398245,
            "std": 20.22282317327812
        },
        "xdim": {
            "mean": 454.49,
            "std": 114.07324126816049
        },
        "ydim": {
            "mean": 385.64,
            "std": 79.02891490600672
        },
        "zdim": {
            "mean": 263.14,
            "std": 178.44489794078564
        }
    }
}