{
    "dend": {
        "breadth": {
            "mean": 5.0,
            "std": 5.457907265122562
        },
        "diam": {
            "mean": 1.070751567824542,
            "std": 0.17985293027909735
        },
        "dist": {
            "mean": 237.06014632999785,
            "std": 36.0497574693955
        },
        "length": {
            "mean": 6316.482041560388,
            "std": 4341.666131287879
        },
        "nbranch": {
            "mean": 34.0,
            "std": 22.997823001879738
        },
        "nterm": {
            "mean": 46.0,
            "std": 25.259150646013907
        },
        "order": {
            "mean": 4.0,
            "std": 1.3333333333333333
        },
        "path": {
            "mean": 259.0344182978361,
            "std": 38.8026279625228
        },
        "seclen": {
            "mean": 78.95602551950485,
            "std": 20.22282317327812
        },
        "xdim": {
            "mean": 306.01,
            "std": 114.07324126816049
        },
        "ydim": {
            "mean": 417.14,
            "std": 79.02891490600672
        },
        "zdim": {
            "mean": 265.64,
            "std": 178.44489794078564
        }
    }
}