{
    "dend": {
        "breadth": {
            "mean": 15.0,
            "std": 5.457907265122562
        },
        "diam": {
            "mean": 1.348643124246953,
            "std": 0.17985293027909735
        },
        "dist": {
            "mean": 252.06513040878937,
            "std": 36.0497574693955
        },
        "length": {
            "mean": 8409.320265410242,
            "std": 4341.666131287879
        },
        "nbranch": {
            "mean": 46.0,
            "std": 22.997823001879738
        },
        "nterm": {
            "mean": 56.0,
            "std": 25.259150646013907
        },
        "order": {
            "mean": 6.0,
            "std": 1.3333333333333333
        },
        "path": {
            "mean": 281.8981462037716,
            "std": 38.8026279625228
        },
        "seclen": {
            "mean": 82.44431632755139,
            "std": 20.22282317327812
        },
        "xdim": {
            "mean": 329.53,
            "std": 114.07324126816049
        },
        "ydim": {
            "mean": 327.44,
            "std": 79.02891490600672
        },
        "zdim": {
            "mean": 438.78000000000003,
            "std": 178.44489794078564
        }
    }
}