{
    "dend": {
        "breadth": {
            "mean": 18.0,
            "std": 5.457907265122562
        },
        "diam": {
            "mean": 1.3394007462899973,
            "std": 0.17985293027909735
        },
        "dist": {
            "mean": 221.84096608338595,
            "std": 36.0497574693955
        },
        "length": {
            "mean": 9449.230176740411,
            "std": 4341.666131287879
        },
        "nbranch": {
            "mean": 56.0,
            "std": 22.997823001879738
        },
        "nterm": {
            "mean": 66.0,
            "std": 25.259150646013907
        },
        "order": {
            "mean": 7.0,
            "std": 1.3333333333333333
        },
        "path": {
            "mean": 254.3968841754796,
            "std": 38.8026279625228
        },
        "seclen": {
            "mean": 77.45270636672468,
            "std": 20.22282317327812
        },
        "xdim": {
            "mean": 299.59000000000003,
            "std": 114.07324126816049
        },
        "ydim": {
            "mean": 339.65999999999997,
            "std": 79.02891490600672
        },
        "zdim": {
            "mean": 380.96000000000004,
            "std": 178.44489794078564
        }
    }
}