{
    "dend": {
        "breadth": {
            "mean": 16.0,
            "std": 5.457907265122562
        },
        "diam": {
            "mean": 1.461259827400018,
            "std": 0.17985293027909735
        },
        "dist": {
            "mean": 246.8811605631341,
            "std": 36.0497574693955
        },
        "length": {
            "mean": 7258.548325776013,
            "std": 4341.666131287879
        },
        "nbranch": {
            "mean": 38.0,
            "std": 22.997823001879738
        },
        "nterm": {
            "mean": 44.0,
            "std": 25.259150646013907
        },
        "order": {
            "mean": 8.0,
            "std": 1.3333333333333333
        },
        "path": {
            "mean": 275.68167175304075,
            "std": 38.8026279625228
        },
        "seclen": {
            "mean": 88.5188820216587,
            "std": 20.22282317327812
        },
        "xdim": {
            "mean": 377.77,
            "std": 114.07324126816049
        },
        "ydim": {
            "mean": 379.37,
            "std": 79.02891490600672
        },
        "zdim": {
            "mean": 240.20000000000002,
            "std": 178.44489794078564
        }
    }
}