{
    "dend": {
        "breadth": {
            "mean": 20.0,
            "std": 5.457907265122562
        },
        "diam": {
            "mean": 1.2963610139316888,
            "std": 0.17985293027909735
        },
        "dist": {
            "mean": 280.2702009953966,
            "std": 36.0497574693955
        },
        "length": {
            "mean": 7833.044767127092,
            "std": 4341.666131287879
        },
        "nbranch": {
            "mean": 46.0,
            "std": 22.997823001879738
        },
        "nterm": {
            "mean": 50.0,
            "std": 25.259150646013907
        },
        "order": {
            "mean": 8.0,
            "std": 1.3333333333333333
        },
        "path": {
            "mean": 314.4829267540289,
            "std": 38.8026279625228
        },
        "seclen": {
            "mean": 81.59421632424055,
            "std": 20.22282317327812
        },
        "xdim": {
            "mean": 470.49,
            "std": 114.07324126816049
        },
        "ydim": {
            "mean": 372.71,
            "std": 79.02891490600672
        },
        "zdim": {
            "mean": 339.44,
            "std": 178.44489794078564
        }
    }
}