{
    "dend": {
        "breadth": {
            "mean": 8.0,
            "std": 5.457907265122562
        },
        "diam": {
            "mean": 1.3643899281146838,
            "std": 0.17985293027909735
        },
        "dist": {
            "mean": 284.66382077109836,
            "std": 36.0497574693955
        },
        "length": {
            "mean": 3813.791739280655,
            "std": 4341.666131287879
        },
        "nbranch": {
            "mean": 14.0,
            "std": 22.997823001879738
        },
        "nterm": {
            "mean": 18.0,
            "std": 25.259150646013907
        },
        "order": {
            "mean": 5.0,
            "std": 1.3333333333333333
        },
        "path": {
            "mean": 324.5470393910757,
            "std": 38.8026279625228
        },
        "seclen": {
            "mean": 119.18099185252046,
            "std": 20.22282317327812
        },
        "xdim": {
            "mean": 401.961,
            "std": 114.07324126816049
        },
        "ydim": {
            "mean": 342.62,
            "std": 79.02891490600672
        },
        "zdim": {
            "mean": 271.44,
            "std": 178.44489794078564
        }
    }
}