{
    "dend": {
        "breadth": {
            "mean": 7.0,
            "std": 5.457907265122562
        },
        "diam": {
            "mean": 1.285458814716362,
            "std": 0.17985293027909735
        },
        "dist": {
            "mean": 266.9887117557594,
            "std": 36.0497574693955
        },
        "length": {
            "mean": 7189.470892468615,
            "std": 4341.666131287879
        },
        "nbranch": {
            "mean": 32.0,
            "std": 22.997823001879738
        },
        "nterm": {
            "mean": 44.0,
            "std": 25.259150646013907
        },
        "order": {
            "mean": 5.0,
            "std": 1.3333333333333333
        },
        "path": {
            "mean": 306.5968693658285,
            "std": 38.8026279625228
        },
        "seclen": {
            "mean": 94.59830121669229,
            "std": 20.22282317327812
        },
        "xdim": {
            "mean": 408.17,
            "std": 114.07324126816049
        },
        "ydim": {
            "mean": 460.44,
            "std": 79.02891490600672
        },
        "zdim": {
            "mean": 411.7,
            "std": 178.44489794078564
        }
    }
}