{
    "dend": {
        "breadth": {
            "mean": 9.0,
            "std": 5.457907265122562
        },
        "diam": {
            "mean": 1.3971468340014648,
            "std": 0.17985293027909735
        },
        "dist": {
            "mean": 246.09143181673352,
            "std": 36.0497574693955
        },
        "length": {
            "mean": 5582.630701307894,
            "std": 4341.666131287879
        },
        "nbranch": {
            "mean": 26.0,
            "std": 22.997823001879738
        },
        "nterm": {
            "mean": 34.0,
            "std": 25.259150646013907
        },
        "order": {
            "mean": 6.0,
            "std": 1.3333333333333333
        },
        "path": {
            "mean": 293.88189472471015,
            "std": 38.8026279625228
        },
        "seclen": {
            "mean": 93.04384502179823,
            "std": 20.22282317327812
        },
        "xdim": {
            "mean": 235.1301,
            "std": 114.07324126816049
        },
        "ydim": {
            "mean": 330.96000000000004,
            "std": 79.02891490600672
        },
        "zdim": {
            "mean": 487.96,
            "std": 178.44489794078564
        }
    }
}