{
    "dend": {
        "breadth": {
            "mean": 9.0,
            "std": 5.457907265122562
        },
        "diam": {
            "mean": 1.609829499090528,
            "std": 0.17985293027909735
        },
        "dist": {
            "mean": 283.98502665457556,
            "std": 36.0497574693955
        },
        "length": {
            "mean": 7453.087050885869,
            "std": 4341.666131287879
        },
        "nbranch": {
            "mean": 38.0,
            "std": 22.997823001879738
        },
        "nterm": {
            "mean": 48.0,
            "std": 25.259150646013907
        },
        "order": {
            "mean": 7.0,
            "std": 1.3333333333333333
        },
        "path": {
            "mean": 309.46787233232016,
            "std": 38.8026279625228
        },
        "seclen": {
            "mean": 86.66380291727755,
            "std": 20.22282317327812
        },
        "xdim": {
            "mean": 488.24,
            "std": 114.07324126816049
        },
        "ydim": {
            "mean": 359.73,
            "std": 79.02891490600672
        },
        "zdim": {
            "mean": 235.7,
            "std": 178.44489794078564
        }
    }
}