{
    "dend": {
        "breadth": {
            "mean": 6.0,
            "std": 5.457907265122562
        },
        "diam": {
            "mean": 1.1911620083507124,
            "std": 0.17985293027909735
        },
        "dist": {
            "mean": 255.12040723744542,
            "std": 36.0497574693955
        },
        "length": {
            "mean": 6602.7156216625335,
            "std": 4341.666131287879
        },
        "nbranch": {
            "mean": 24.0,
            "std": 22.997823001879738
        },
        "nterm": {
            "mean": 32.0,
            "std": 25.259150646013907
        },
        "order": {
            "mean": 5.0,
            "std": 1.3333333333333333
        },
        "path": {
            "mean": 292.81701064428563,
            "std": 38.8026279625228
        },
        "seclen": {
            "mean": 117.90563610111667,
            "std": 20.22282317327812
        },
        "xdim": {
            "mean": 365.48,
            "std": 114.07324126816049
        },
        "ydim": {
            "mean": 391.83,
            "std": 79.02891490600672
        },
        "zdim": {
            "mean": 434.7,
            "std": 178.44489794078564
        }
    }
}