{
    "dend": {
        "breadth": {
            "mean": 12.0,
            "std": 5.457907265122562
        },
        "diam": {
            "mean": 1.2738771335425674,
            "std": 0.17985293027909735
        },
        "dist": {
            "mean": 214.5913930193846,
            "std": 36.0497574693955
        },
        "length": {
            "mean": 7220.601063254731,
            "std": 4341.666131287879
        },
        "nbranch": {
            "mean": 44.0,
            "std": 22.997823001879738
        },
        "nterm": {
            "mean": 52.0,
            "std": 25.259150646013907
        },
        "order": {
            "mean": 8.0,
            "std": 1.3333333333333333
        },
        "path": {
            "mean": 241.1441048082462,
            "std": 38.8026279625228
        },
        "seclen": {
            "mean": 75.21459440890345,
            "std": 20.22282317327812
        },
        "xdim": {
            "mean": 399.45000000000005,
            "std": 114.07324126816049
        },
        "ydim": {
            "mean": 402.65,
            "std": 79.02891490600672
        },
        "zdim": {
            "mean": 225.02,
            "std": 178.44489794078564
        }
    }
}