{
    "dend": {
        "breadth": {
            "mean": 10.0,
            "std": 5.457907265122562
        },
        "diam": {
            "mean": 1.673463052996106,
            "std": 0.17985293027909735
        },
        "dist": {
            "mean": 254.9009460359063,
            "std": 36.0497574693955
        },
        "length": {
            "mean": 6549.5143063864925,
            "std": 4341.666131287879
        },
        "nbranch": {
            "mean": 40.0,
            "std": 22.997823001879738
        },
        "nterm": {
            "mean": 48.0,
            "std": 25.259150646013907
        },
        "order": {
            "mean": 7.0,
            "std": 1.3333333333333333
        },
        "path": {
            "mean": 272.20377606906135,
            "std": 38.8026279625228
        },
        "seclen": {
            "mean": 74.42629893621015,
            "std": 20.22282317327812
        },
        "xdim": {
            "mean": 458.35,
            "std": 114.07324126816049
        },
        "ydim": {
            "mean": 301.73,
            "std": 79.02891490600672
        },
        "zdim": {
            "mean": 261.84,
            "std": 178.44489794078564
        }
    }
}