{
    "dend": {
        "breadth": {
            "mean": 14.0,
            "std": 5.457907265122562
        },
        "diam": {
            "mean": 1.7442171232406782,
            "std": 0.17985293027909735
        },
        "dist": {
            "mean": 178.55627997357024,
            "std": 36.0497574693955
        },
        "length": {
            "mean": 2922.4445288403786,
            "std": 4341.666131287879
        },
        "nbranch": {
            "mean": 26.0,
            "std": 22.997823001879738
        },
        "nterm": {
            "mean": 28.0,
            "std": 25.259150646013907
        },
        "order": {
            "mean": 7.0,
            "std": 1.3333333333333333
        },
        "path": {
            "mean": 265.9270607425048,
            "std": 38.8026279625228
        },
        "seclen": {
            "mean": 54.11934312667368,
            "std": 20.22282317327812
        },
        "xdim": {
            "mean": 223.73000000000002,
            "std": 114.07324126816049
        },
        "ydim": {
            "mean": 195.53,
            "std": 79.02891490600672
        },
        "zdim": {
            "mean": 251.6,
            "std": 178.44489794078564
        }
    }
}