{
    "dend": {
        "breadth": {
            "mean": 10.0,
            "std": 5.457907265122562
        },
        "diam": {
            "mean": 1.5273080475202954,
            "std": 0.17985293027909735
        },
        "dist": {
            "mean": 208.41423234750548,
            "std": 36.0497574693955
        },
        "length": {
            "mean": 3039.503058385393,
            "std": 4341.666131287879
        },
        "nbranch": {
            "mean": 26.0,
            "std": 22.997823001879738
        },
        "nterm": {
            "mean": 30.0,
            "std": 25.259150646013907
        },
        "order": {
            "mean": 7.0,
            "std": 1.3333333333333333
        },
        "path": {
            "mean": 257.3370293064455,
            "std": 38.8026279625228
        },
        "seclen": {
            "mean": 54.27684032831059,
            "std": 20.22282317327812
        },
        "xdim": {
            "mean": 223.98000000000002,
            "std": 114.07324126816049
        },
        "ydim": {
            "mean": 322.45,
            "std": 79.02891490600672
        },
        "zdim": {
            "mean": 250.06,
            "std": 178.44489794078564
        }
    }
}