{
    "dend": {
        "breadth": {
            "mean": 8.0,
            "std": 5.457907265122562
        },
        "diam": {
            "mean": 1.3353947050494819,
            "std": 0.17985293027909735
        },
        "dist": {
            "mean": 230.75265016896338,
            "std": 36.0497574693955
        },
        "length": {
            "mean": 4106.1531542463445,
            "std": 4341.666131287879
        },
        "nbranch": {
            "mean": 28.0,
            "std": 22.997823001879738
        },
        "nterm": {
            "mean": 34.0,
            "std": 25.259150646013907
        },
        "order": {
            "mean": 5.0,
            "std": 1.3333333333333333
        },
        "path": {
            "mean": 265.5014324658061,
            "std": 38.8026279625228
        },
        "seclen": {
            "mean": 66.22827668139266,
            "std": 20.22282317327812
        },
        "xdim": {
            "mean": 324.84000000000003,
            "std": 114.07324126816049
        },
        "ydim": {
            "mean": 321.49,
            "std": 79.02891490600672
        },
        "zdim": {
            "mean": 223.82,
            "std": 178.44489794078564
        }
    }
}