{
    "dend": {
        "breadth": {
            "mean": 8.0,
            "std": 5.457907265122562
        },
        "diam": {
            "mean": 1.3711345342138903,
            "std": 0.17985293027909735
        },
        "dist": {
            "mean": 219.7063338640923,
            "std": 36.0497574693955
        },
        "length": {
            "mean": 3431.424230246646,
            "std": 4341.666131287879
        },
        "nbranch": {
            "mean": 22.0,
            "std": 22.997823001879738
        },
        "nterm": {
            "mean": 30.0,
            "std": 25.259150646013907
        },
        "order": {
            "mean": 5.0,
            "std": 1.3333333333333333
        },
        "path": {
            "mean": 244.8298621930666,
            "std": 38.8026279625228
        },
        "seclen": {
            "mean": 65.98892750474319,
            "std": 20.22282317327812
        },
        "xdim": {
            "mean": 286.14,
            "std": 114.07324126816049
        },
        "ydim": {
            "mean": 351.31,
            "std": 79.02891490600672
        },
        "zdim": {
            "mean": 262.92,
            "std": 178.44489794078564
        }
    }
}