{
    "dend": {
        "breadth": {
            "mean": 8.0,
            "std": 5.457907265122562
        },
        "diam": {
            "mean": 1.2474345493150891,
            "std": 0.17985293027909735
        },
        "dist": {
            "mean": 244.2226863028904,
            "std": 36.0497574693955
        },
        "length": {
            "mean": 3655.2254330523415,
            "std": 4341.666131287879
        },
        "nbranch": {
            "mean": 28.0,
            "std": 22.997823001879738
        },
        "nterm": {
            "mean": 34.0,
            "std": 25.259150646013907
        },
        "order": {
            "mean": 6.0,
            "std": 1.3333333333333333
        },
        "path": {
            "mean": 280.7970807935272,
            "std": 38.8026279625228
        },
        "seclen": {
            "mean": 58.955248920199054,
            "std": 20.22282317327812
        },
        "xdim": {
            "mean": 368.86,
            "std": 114.07324126816049
        },
        "ydim": {
            "mean": 222.29999999999998,
            "std": 79.02891490600672
        },
        "zdim": {
            "mean": 241.98000000000002,
            "std": 178.44489794078564
        }
    }
}