{
    "dend": {
        "breadth": {
            "mean": 21.0,
            "std": 5.457907265122562
        },
        "diam": {
            "mean": 1.1577318539703483,
            "std": 0.17985293027909735
        },
        "dist": {
            "mean": 166.7587086571493,
            "std": 36.0497574693955
        },
        "length": {
            "mean": 4640.645257734524,
            "std": 4341.666131287879
        },
        "nbranch": {
            "mean": 44.0,
            "std": 22.997823001879738
        },
        "nterm": {
            "mean": 48.0,
            "std": 25.259150646013907
        },
        "order": {
            "mean": 8.0,
            "std": 1.3333333333333333
        },
        "path": {
            "mean": 189.90673934380735,
            "std": 38.8026279625228
        },
        "seclen": {
            "mean": 50.44179627972309,
            "std": 20.22282317327812
        },
        "xdim": {
            "mean": 160.34,
            "std": 114.07324126816049
        },
        "ydim": {
            "mean": 284.95,
            "std": 79.02891490600672
        },
        "zdim": {
            "mean": 211.73999999999998,
            "std": 178.44489794078564
        }
    }
}