{
    "dend": {
        "breadth": {
            "mean": 9.0,
            "std": 5.457907265122562
        },
        "diam": {
            "mean": 1.2358872401784828,
            "std": 0.17985293027909735
        },
        "dist": {
            "mean": 223.5039664927672,
            "std": 36.0497574693955
        },
        "length": {
            "mean": 3251.8060688166433,
            "std": 4341.666131287879
        },
        "nbranch": {
            "mean": 22.0,
            "std": 22.997823001879738
        },
        "nterm": {
            "mean": 28.0,
            "std": 25.259150646013907
        },
        "order": {
            "mean": 6.0,
            "std": 1.3333333333333333
        },
        "path": {
            "mean": 254.69123746495902,
            "std": 38.8026279625228
        },
        "seclen": {
            "mean": 65.03612137633287,
            "std": 20.22282317327812
        },
        "xdim": {
            "mean": 265.45,
            "std": 114.07324126816049
        },
        "ydim": {
            "mean": 388.03,
            "std": 79.02891490600672
        },
        "zdim": {
            "mean": 199.64000000000001,
            "std": 178.44489794078564
        }
    }
}