{
    "dend": {
        "breadth": {
            "mean": 21.0,
            "std": 5.457907265122562
        },
        "diam": {
            "mean": 1.2772046120510223,
            "std": 0.17985293027909735
        },
        "dist": {
            "mean": 195.55161790432726,
            "std": 36.0497574693955
        },
        "length": {
            "mean": 4820.201060272728,
            "std": 4341.666131287879
        },
        "nbranch": {
            "mean": 48.0,
            "std": 22.997823001879738
        },
        "nterm": {
            "mean": 52.0,
            "std": 25.259150646013907
        },
        "order": {
            "mean": 9.0,
            "std": 1.3333333333333333
        },
        "path": {
            "mean": 216.6620444848092,
            "std": 38.8026279625228
        },
        "seclen": {
            "mean": 48.20201060272728,
            "std": 20.22282317327812
        },
        "xdim": {
            "mean": 197.87,
            "std": 114.07324126816049
        },
        "ydim": {
            "mean": 245.15,
            "std": 79.02891490600672
        },
        "zdim": {
            "mean": 229.01999999999998,
            "std": 178.44489794078564
        }
    }
}