{
    "dend": {
        "breadth": {
            "mean": 6.0,
            "std": 5.457907265122562
        },
        "diam": {
            "mean": 1.2783086261299996,
            "std": 0.17985293027909735
        },
        "dist": {
            "mean": 174.98210745673398,
            "std": 36.0497574693955
        },
        "length": {
            "mean": 1810.7562997802368,
            "std": 4341.666131287879
        },
        "nbranch": {
            "mean": 18.0,
            "std": 22.997823001879738
        },
        "nterm": {
            "mean": 22.0,
            "std": 25.259150646013907
        },
        "order": {
            "mean": 5.0,
            "std": 1.3333333333333333
        },
        "path": {
            "mean": 197.32511968862937,
            "std": 38.8026279625228
        },
        "seclen": {
            "mean": 45.26890749450592,
            "std": 20.22282317327812
        },
        "xdim": {
            "mean": 129.36,
            "std": 114.07324126816049
        },
        "ydim": {
            "mean": 158.77,
            "std": 79.02891490600672
        },
        "zdim": {
            "mean": 338.94,
            "std": 178.44489794078564
        }
    }
}