{
    "dend": {
        "breadth": {
            "mean": 4.0,
            "std": 5.457907265122562
        },
        "diam": {
            "mean": 1.0550768348614556,
            "std": 0.17985293027909735
        },
        "dist": {
            "mean": 163.03445619254845,
            "std": 36.0497574693955
        },
        "length": {
            "mean": 995.6824390278724,
            "std": 4341.666131287879
        },
        "nbranch": {
            "mean": 8.0,
            "std": 22.997823001879738
        },
        "nterm": {
            "mean": 12.0,
            "std": 25.259150646013907
        },
        "order": {
            "mean": 4.0,
            "std": 1.3333333333333333
        },
        "path": {
            "mean": 177.59735452117604,
            "std": 38.8026279625228
        },
        "seclen": {
            "mean": 49.78412195139362,
            "std": 20.22282317327812
        },
        "xdim": {
            "mean": 28.05,
            "std": 114.07324126816049
        },
        "ydim": {
            "mean": 191.89,
            "std": 79.02891490600672
        },
        "zdim": {
            "mean": 200.66,
            "std": 178.44489794078564
        }
    }
}