{
    "ad_idhigh": 0.008903766413144033,
    "ad_idlow": 0.10492645736554021,
    "ad_idmid": 0.004092328799603101,
    "ahp_depth": 26.348220456911214,
    "ahp_depth_abs": -53.925184013600656,
    "ahp_depth_abs_slow": -54.44548562837959,
    "ahp_min_voltage": -54.55444646121137,
    "ahp_slow_time": 0.22809302776725104,
    "ahp_time_from_peak": 2.0832713754632355,
    "ap_amplitude": 68.59985735012015,
    "ap_avg_thresh": -45.12031691691971,
    "ap_delay_idhigh": 24.300000000096134,
    "ap_delay_idlow": 246.2000000001466,
    "ap_delay_idmid": 76.80000000010807,
    "ap_fall_rate": -39.12942385631298,
    "ap_half_width": 1.0214486565407046,
    "ap_peak": 23.47778660908531,
    "ap_rise_rate": 85.60331929002915,
    "ap_threshold": -46.44369999831158,
    "fi_1st_fitbaserate": 11.002317015189632,
    "fi_1st_fitslope": 0.2186879810609555,
    "fi_1st_minstim": 342.7222298614931,
    "fi_1st_rate_idhigh": 35.97122302157455,
    "fi_1st_rate_idlow": 8.802816901409612,
    "fi_1st_rate_idmid": 18.656716417906207,
    "fi_avg_fitbaserate": 7.802929078721071,
    "fi_avg_fitslope": 0.19024280276565816,
    "fi_avg_minstim": 342.7222298614931,
    "fi_avg_rate_idhigh": 25.59983937357426,
    "fi_avg_rate_idlow": 4.857063558148861,
    "fi_avg_rate_idmid": 15.215296444702695,
    "fi_rheobase": 335.17500875043754,
    "ir_depol": 168.92638625825273,
    "ir_fitmax": 154.35257958892618,
    "ir_fitmin": 58.235515287353934,
    "ir_fitrest": 74.27056537202785,
    "ir_hyperpol": 45.05038560837529,
    "ir_rest": 73.93280136879807,
    "tau_delta": 5.513119605510495,
    "tau_depol": 13.485874229011353,
    "tau_hyperpol": 5.1388610887552995,
    "tau_rest": 7.204762191741259,
    "vm_rest": -89.33722934816782
}