{
    "IV_504": {
        "soma": {
            "Spikecount": [
                0.0,
                0.1
            ],
            "decay_time_constant_after_stim": [
                5.7946,
                0.897156000308134
            ],
            "steady_state_voltage_stimend": [
                -97.4655,
                9.7465
            ],
            "voltage_base": [
                -86.8288,
                0.2783732506306344
            ],
            "voltage_deflection": [
                -10.6933,
                0.278373250630634
            ]
        }
    },
    "IV_506": {
        "soma": {
            "Spikecount": [
                0.0,
                0.1
            ],
            "decay_time_constant_after_stim": [
                5.2262,
                0.897156000308134
            ],
            "steady_state_voltage_stimend": [
                -95.4226,
                9.5423
            ],
            "voltage_base": [
                -86.8469,
                0.2783732506306344
            ],
            "voltage_deflection": [
                -8.6188,
                0.2783732506306344
            ]
        }
    },
    "IV_508": {
        "soma": {
            "Spikecount": [
                0.0,
                0.1
            ],
            "decay_time_constant_after_stim": [
                5.7739,
                0.897156000308134
            ],
            "steady_state_voltage_stimend": [
                -92.5697,
                9.257
            ],
            "voltage_base": [
                -86.5954,
                0.2783732506306344
            ],
            "voltage_deflection": [
                -5.9374,
                0.2783732506306344
            ]
        }
    },
    "IV_510": {
        "soma": {
            "Spikecount": [
                0.0,
                0.1
            ],
            "decay_time_constant_after_stim": [
                5.3701,
                0.897156000308134
            ],
            "steady_state_voltage_stimend": [
                -88.7091,
                0.2783732506306344
            ],
            "voltage_base": [
                -86.4021,
                0.2783732506306344
            ],
            "voltage_deflection": [
                -2.2436,
                0.2783732506306344
            ]
        }
    },
    "IV_512": {
        "soma": {
            "Spikecount": [
                0.0,
                0.1
            ],
            "decay_time_constant_after_stim": [
                6.1748,
                0.897156000308134
            ],
            "steady_state_voltage_stimend": [
                -83.3828,
                0.2783732506306344
            ],
            "voltage_base": [
                -86.2107,
                0.2783732506306344
            ],
            "voltage_deflection": [
                2.8966,
                0.2783732506306344
            ]
        }
    },
    "IV_514": {
        "soma": {
            "Spikecount": [
                0.0,
                0.1
            ],
            "decay_time_constant_after_stim": [
                7.9291,
                0.897156000308134
            ],
            "steady_state_voltage_stimend": [
                -75.6863,
                0.2783732506306344
            ],
            "voltage_base": [
                -86.1559,
                0.2783732506306344
            ],
            "voltage_deflection": [
                10.4407,
                0.2783732506306344
            ]
        }
    }
}
