{
    "IV_506": {
        "soma": {
            "Spikecount": [
                0.0,
                0.001
            ],
            "decay_time_constant_after_stim": [
                5.2262,
                0.897156000308134
            ],
            "voltage_deflection": [
                -8.6188,
                1.0
            ]
        }
    },
    "IV_514": {
        "soma": {
            "Spikecount": [
                0.0,
                0.001
            ],
            "decay_time_constant_after_stim": [
                7.9291,
                0.897156000308134
            ],
            "voltage_deflection_begin": [
                10.318,
                1.0
            ],
            "voltage_deflection_vb_ssse": [
                10.4696,
                1.0
            ],
            "voltage_deflection": [
                10.4407,
                1.0
            ]
        }
    },
    "IDthresh-sub_545": {
        "soma": {
            "Spikecount": [
                0.0,
                0.001
            ],
            "decay_time_constant_after_stim": [
                10.8792,
                0.897156000308134
            ],
            "voltage_base": [
                -89.7876,
                0.12840417390022948
            ],
            "voltage_deflection": [
                25.6555,
                1.0
            ],
            "voltage_deflection_begin": [
                22.0406,
                1.0
            ],
            "voltage_deflection_vb_ssse": [
                25.712,
                1.0
            ]
        }
    },
    "IDthresh_546": {
        "soma": {
            "AHP_depth_abs": [
                -66.4463,
                0.6306
            ],
            "AHP_depth_abs_slow": [
                -67.9125,
                0.2819
            ],
            "AHP_slow_time": [
                0.0607,
                0.0094
            ],
            "AHP_time_from_peak": [
                2.0,
                0.1265
            ],
            "mean_frequency": [
                2.5466,
                0.02547
            ],
            "min_voltage_between_spikes": [
                -68.1234,
                0.4394
            ],
            "peak_voltage": [
                27.9212,
                0.462
            ],
            "time_to_first_spike": [
                680.0,
                68.0
            ],
            "voltage_base": [
                -89.8549,
                0.12840417390022948
            ]
        }
    },
    "IDthresh_547": {
        "soma": {
            "AHP_depth_abs": [
                -65.2119,
                0.8981
            ],
            "AHP_depth_abs_slow": [
                -66.8903,
                0.3722
            ],
            "AHP_slow_time": [
                0.1193,
                0.0142
            ],
            "AHP_time_from_peak": [
                2.0364,
                0.1611
            ],
            "mean_frequency": [
                5.6249,
                0.05625
            ],
            "min_voltage_between_spikes": [
                -67.0287,
                0.5452
            ],
            "peak_voltage": [
                26.3869,
                0.8269
            ],
            "time_to_first_spike": [
                387.9,
                38.79
            ],
            "voltage_deflection_begin": [
                25.37041514 ,
                1.0
            ],
            "voltage_base": [
                -89.9759,
                0.12840417390022948
            ]
        }
    },
    "IDthresh_553": {
        "soma": {
            "AHP_depth_abs": [
                -61.9171,
                1.2733
            ],
            "AHP_depth_abs_slow": [
                -63.4044,
                0.7526
            ],
            "AHP_slow_time": [
                0.2645,
                0.0289
            ],
            "AHP_time_from_peak": [
                2.0385,
                0.1124
            ],
            "mean_frequency": [
                19.6167,
                0.19617
            ],
            "min_voltage_between_spikes": [
                -63.4913,
                0.9115
            ],
            "peak_voltage": [
                22.9207,
                1.281
            ],
            "time_to_first_spike": [
                112.8,
                11.28
            ],
            "voltage_base": [
                -90.1251,
                0.12840417390022948
            ]
        }
    }
}
