{
    "IV_507": {
        "soma": {
            "Spikecount": [
                0.0,
                0.001
            ],
            "decay_time_constant_after_stim": [
                3.5472,
                1.3567352562514015
            ],
            "steady_state_voltage_stimend": [
                -101.5442,
                0.6665114402619069
            ],
            "voltage_base": [
                -88.5668,
                0.6665114402619069
            ]
        }
    },
    "IV_511": {
        "soma": {
            "Spikecount": [
                0.0,
                0.001
            ],
            "decay_time_constant_after_stim": [
                4.433,
                1.3567352562514015
            ],
            "steady_state_voltage_stimend": [
                -91.7573,
                0.6665114402619069
            ],
            "voltage_base": [
                -88.5919,
                0.6665114402619069
            ]
        }
    },
    "IDthresh-sub_547": {
        "soma": {
            "Spikecount": [
                0.0,
                0.001
            ],
            "decay_time_constant_after_stim": [
                10.3541,
                1.3567352562514015
            ],
            "steady_state_voltage_stimend": [
                -62.2461,
                0.6665114402619069
            ],
            "voltage_base": [
                -89.2053,
                0.6665114402619069
            ],
            "voltage_deflection_begin": [
                24.1906,
                0.6665114402619069
            ],
            "voltage_deflection_vb_ssse": [
                26.9592,
                0.6665114402619069
            ]
        }
    },
    "IDthresh_548": {
        "soma": {
            "AHP_depth_abs": [
                -65.0578,
                0.2911
            ],
            "AHP_depth_abs_slow": [
                -66.6062,
                0.3251
            ],
            "AHP_slow_time": [
                0.0607,
                0.0003
            ],
            "inv_first_ISI": [
                3.3124,
                0.16
            ],
            "min_voltage_between_spikes": [
                -66.7542,
                0.3379
            ],
            "peak_voltage": [
                27.6891,
                0.3284
            ],
            "time_to_first_spike": [
                1137.3,
                45.4
            ],
            "voltage_base": [
                -88.6737,
                0.6665114402619069
            ]
        }
    },
    "IDthresh_550": {
        "soma": {
            "AHP_depth_abs": [
                -63.3517,
                0.5131
            ],
            "AHP_depth_abs_slow": [
                -64.2245,
                0.2799
            ],
            "AHP_slow_time": [
                0.1054,
                0.0104
            ],
            "inv_first_ISI": [
                6.9589,
                0.35
            ],
            "min_voltage_between_spikes": [
                -64.3013,
                0.3866
            ],
            "peak_voltage": [
                27.1525,
                0.4644
            ],
            "time_to_first_spike": [
                261.3,
                13
            ],
            "voltage_base": [
                -87.6606,
                0.6665114402619069
            ]
        }
    },
    "IDthresh_561": {
        "soma": {
            "AHP_depth_abs": [
                -60.4673,
                0.5133
            ],
            "AHP_depth_abs_slow": [
                -60.3516,
                0.3172
            ],
            "AHP_slow_time": [
                0.201,
                0.025
            ],
            "inv_first_ISI": [
                18.1488,
                0.9
            ],
            "min_voltage_between_spikes": [
                -60.5189,
                0.4924
            ],
            "peak_voltage": [
                23.4498,
                0.6425
            ],
            "time_to_first_spike": [
                75.2,
                3.5
            ],
            "voltage_base": [
                -87.2057,
                0.6665114402619069
            ]
        }
    }
}
