{
    "IV_506": {
        "soma": {
            "Spikecount": [
                0.0,
                0.001
            ],
            "decay_time_constant_after_stim": [
                5.2262,
                0.897156000308134
            ],
            "voltage_deflection": [
                -8.6188,
                1.0
            ]
        }
    },
    "IV_514": {
        "soma": {
            "Spikecount": [
                0.0,
                0.001
            ],
            "decay_time_constant_after_stim": [
                7.9291,
                0.897156000308134
            ],
            "voltage_deflection_begin": [
                10.318,
                1.0
            ],
            "voltage_deflection_vb_ssse": [
                10.4696,
                1.0
            ],
            "voltage_deflection": [
                10.4407,
                1.0
            ]
        }
    },
    "IDthresh-sub_545": {
        "soma": {
            "Spikecount": [
                0.0,
                0.001
            ],
            "decay_time_constant_after_stim": [
                10.8792,
                0.897156000308134
            ],
            "voltage_base": [
                -89.7876,
                1.0
            ],
            "voltage_deflection": [
                25.6555,
                1.0
            ],
            "voltage_deflection_begin": [
                22.0406,
                1.0
            ],
            "voltage_deflection_vb_ssse": [
                25.712,
                1.0
            ]
        }
    },
    "IDthresh_546": {
        "soma": {
            "AHP_depth_abs": [
                -66.4463,
                0.6306
            ],
            "AHP_depth_abs_slow": [
                -67.9125,
                0.2819
            ],
            "AP_begin_voltage": [
                -57.2313,
                0.57
            ],
            "AP_fall_rate": [
                -68.8242,
                2.7536
            ],
            "AP_rise_rate": [
                147.5363,
                10.5477
            ],
            "mean_frequency": [
                2.5466,
                0.06
            ],
            "min_voltage_between_spikes": [
                -68.1234,
                0.4394
            ],
            "peak_voltage": [
                27.9212,
                1.0
            ],
            "spike_half_width": [
                0.8661,
                0.0043
            ],
            "time_to_first_spike": [
                680.0,
                34.0
            ],
            "voltage_base": [
                -89.8549,
                1.0
            ]
        }
    },
    "IDthresh_547": {
        "soma": {
            "AHP_depth_abs": [
                -65.2119,
                0.8981
            ],
            "AHP_depth_abs_slow": [
                -66.8903,
                0.3722
            ],
            "AP_begin_voltage": [
                -56.6722,
                0.6611
            ],
            "AP_fall_rate": [
                -65.6827,
                2.5251
            ],
            "AP_rise_rate": [
                153.5142,
                13.8152
            ],
            "mean_frequency": [
                5.6249,
                0.14
            ],
            "min_voltage_between_spikes": [
                -67.0287,
                0.5452
            ],
            "peak_voltage": [
                26.3869,
                1.0
            ],
            "spike_half_width": [
                0.8672,
                0.0092
            ],
            "time_to_first_spike": [
                387.9,
                19.395
            ],
            "voltage_deflection_begin": [
                25.37041514 ,
                1.0
            ],
            "voltage_base": [
                -89.9759,
                1.0
            ]
        }
    },
    "IDthresh_553": {
        "soma": {
            "AHP_depth_abs": [
                -61.9171,
                1.2733
            ],
            "AHP_depth_abs_slow": [
                -63.4044,
                0.7526
            ],
            "AP_begin_voltage": [
                -55.9965,
                1.012
            ],
            "AP_fall_rate": [
                -59.8033,
                2.9559
            ],
            "AP_rise_rate": [
                131.232,
                11.6538
            ],
            "mean_frequency": [
                19.6167,
                0.49
            ],
            "min_voltage_between_spikes": [
                -63.4913,
                0.9115
            ],
            "peak_voltage": [
                22.9207,
                1.281
            ],
            "spike_half_width": [
                0.9088,
                0.0178
            ],
            "time_to_first_spike": [
                112.8,
                5.64
            ],
            "voltage_base": [
                -90.1251,
                1.0
            ]
        }
    }
}
